the,63987613425
and,22717821843
ing,63886872
ion,52671164
tio,16904147
ent,691663933
ati,1655715
for,8878746846
her,2429181664
ter,642706627
hat,116914339
tha,9310286075
ere,40514843
ate,14936723
his,4100480589
con,6942160205
res,2488030143
ver,1103682718
all,2582558510
ons,18171816
nce,394733
men,765862023
ith,6125118
ted,14573099
ers,6674105
pro,5633112117
thi,5114570141
wit,6176653262
are,4060992854
ess,202751790
not,5336001757
ive,3128389
was,5713507642
ect,4012024
rea,1859223365
com,4457415675
eve,1832089158
per,2734386903
int,3559090225
est,516562722
sta,2930984458
cti,294738
ica,2764660
ist,17840454
ear,705618706
ain,4468168
one,2234711520
our,935106981
iti,4618992
rat,749521827
nte,112769
tin,64420854
ine,113758662
der,206974792
ome,7223284
man,2234939882
pre,2821774724
rom,203236654
tra,1775754410
whi,4021664321
ave,186442342
str,1783306369
act,1281272932
ill,317410421
ure,14066033
ide,601317443
ove,1041642009
cal,906162494
ble,101033603
out,1540556395
sti,628619442
tic,27989948
oun,10546017
enc,219984954
ore,31786653
ant,379404315
ity,1294199
fro,3684896773
art,598644596
tur,456163716
par,2492576788
red,411159370
oth,1742129533
eri,26570597
hic,7434971
ies,897266
ste,604164406
ght,147981
ich,5468952
igh,331624
und,1229950815
you,3510910163
ort,32769330
era,50416014
wer,2283987356
nti,390874
oul,729519
nde,570667
ind,1760202301
tho,1724145451
hou,715667739
nal,2176199
but,2883520821
hav,3057636533
uld,101019
use,1289357279
han,713576948
hin,82877246
een,1894674
ces,16720344
cou,2583798072
lat,684692879
tor,120015084
ese,815363
age,468522956
ame,620512946
rin,68354365
anc,135285941
ten,480083911
hen,197008390
min,964642724
eas,440157414
can,2057172987
lit,700727735
cha,2255205514
ous,3912364
eat,87077069
end,570698077
ssi,741062
ial,251335
les,519511115
ren,222262040
tiv,2888362
nts,826110
whe,2679431049
tat,14068788
abl,190404924
dis,2611030000
ran,354187183
wor,2460048594
rou,276970153
lin,633597119
had,2625457897
sed,48381764
ont,55222233
ple,271377318
ugh,415780
inc,1455451993
sio,6861147
din,78567264
ral,25632520
ust,1248107
tan,91192292
nat,1108157262
ins,1355396206
ass,1102731334
pla,1909795103
ven,158031483
ell,47516428
she,1685828461
ose,237835
ite,95155464
lly,114050
rec,1425396021
lan,681241250
ard,16407695
hey,11557803
rie,5351826
pos,1151995963
eme,111630550
mor,2064314228
den,282353447
oug,57513956
tte,204815
ned,4758234
rit,49446263
ime,461469
sin,807424263
ast,76302074
any,1226352282
orm,2622656
ndi,142854
ona,1015343
spe,1324239946
ene,261050016
hei,110152651
ric,235883873
ice,49501186
ord,603543178
omp,0
nes,30225432
sen,800052153
tim,1490045138
tri,499704212
ern,15485530
tes,334774080
por,317003668
app,1762161282
lar,570315295
ntr,0
eir,891452
sho,2045775766
son,274809322
cat,386895657
lle,1241402
ner,90154763
hes,34999637
who,2157876969
mat,815617751
ase,5543454
kin,622503844
ost,23292041
ber,142733793
its,1592791247
nin,126672081
lea,1291614777
ina,96339119
mpl,743895
sto,897080221
ari,150883289
pri,1451855921
own,653078825
ali,143384098
ree,45389615
ish,4482696
des,1328834043
ead,921721
nst,157737
sit,422450331
ses,61193521
ans,204363848
has,1685680063
gre,1190013773
ong,11160369
als,1049246023
fic,39060012
ual,284087
ien,148019
gen,1179453949
ser,975075060
unt,335954740
eco,412140948
nta,203297
ace,24657549
chi,1107892144
fer,118691491
tal,290418075
low,387386960
ach,149526571
ire,44131087
ang,239298646
sse,360866
gra,963570889
mon,767563228
ffe,0
rac,153815266
sel,546600571
uni,1218114117
ake,905986
ary,5920413
wil,1901854778
led,114255741
ded,62062384
som,1807115973
owe,34046822
har,607269469
ini,159165757
ope,697975040
nge,0
uch,494141
rel,1339485588
che,448182130
ade,73307773
att,953813377
cia,6430224
exp,1831163397
mer,345668471
lic,56173044
hem,52835657
ery,8033593
nsi,108995
ond,1510008
rti,144472
duc,43625892
how,1186916161
ert,418411
see,1743810437
now,698813627
imp,1451935466
abo,1406639083
pec,58027139
cen,820198788
ris,261520068
mar,1308329398
ens,76725442
tai,58977906
ely,3787494
omm,0
sur,826159401
hea,1411374226
ula,1186689
ult,80346108
ili,6521582
bee,1684651198
ork,1230534
lis,257964768
nit,42381453
ori,338896871
thr,1566822483
ath,53904983
vel,53660236
tie,64721554
ani,179096831
cul,323098140
hil,122534580
tem,333569343
ria,1838788
tre,657543443
ivi,401121
ves,103938464
pen,238584039
cre,590824288
oll,803712
ele,657407582
lon,878794665
war,651972051
equ,494660296
tro,226233706
eal,477296
rep,1309722063
eli,155504846
ian,5558977
sid,334902687
ise,1652468
erv,783065
tru,576501909
ile,3419920
que,554192771
him,1499040809
med,439468388
wou,1530096795
fin,1077194838
uct,115033
old,464131027
ood,383705
cor,795575242
new,1307257519
eac,601544118
erm,1277479
fac,1045268061
bou,225292432
ack,57803187
suc,1450562571
edi,217508825
nto,149316
car,1237846450
oli,37009473
nly,0
mil,610825458
eed,197327
way,684143879
rop,18333121
ita,104792588
eth,135892398
eci,106196
uti,76754553
may,1404628615
ici,2765784
wha,1337221482
rma,332308
ara,71248084
qui,430297670
rem,832064503
mbe,521979
fte,469088
rst,536490
ved,8523638
cte,343992
nds,377464
fir,1245077772
lie,143229165
met,674170745
ook,285882
mos,976830851
mes,142121711
acc,1267703052
vin,49248256
gin,18370558
ete,36884956
rge,0
oin,2585852
arr,343873842
hol,434922135
ign,87616474
sec,1171380485
pon,41755954
esi,364734
tly,0
emp,595545688
sis,73559178
ied,270808
ote,578397
rth,220184
mal,212746972
col,1126523740
dit,14772983
bli,63370372
ron,14698872
ges,38567204
shi,320438158
cie,3082665
atu,340825
ret,532339910
ger,270494151
ref,755483299
olo,343333
aus,122675324
rch,0
lac,142576159
llo,11363199
tle,253768
tit,120676840
ifi,659820
hos,190689232
bec,1218929657
pea,258761846
ece,295765
lli,160963
onc,272405577
rce,0
ful,340103368
gro,1079023916
ors,2213343
las,389773447
rio,24782386
ars,11715089
ced,10290296
win,442410135
onl,1152371497
vid,33570083
ngs,140167
iou,391863
ory,800024
cle,489520564
lec,47880277
itt,840603
uri,30523803
oss,4796574
rta,313836
cer,496466580
pol,1001926052
nis,6361811
arl,3768962
ext,683072486
hed,14077645
ppe,194110
isi,4234295
val,637304866
arg,210420062
rig,623133528
nse,378085
hor,268035717
iss,255503936
iat,725455
cri,478187475
ela,64578392
esp,193192744
itu,1536291
two,1040079406
nor,723288391
rse,0
off,1055928641
iff,1221669
tel,358979452
eti,11983823
irs,4870926
cur,467147130
aid,107128799
bet,1042596924
rai,327434733
cas,875788752
til,101161289
lso,215827
cho,335879061
ean,347332
oci,0
tab,330044472
qua,506508056
ffi,296306
usi,202000618
mpo,102672
dia,293264163
ike,2470754
pat,696082178
ton,161235131
dif,980858408
ues,160964
mit,57283007
soc,799643565
sha,995957021
kno,982107870
rov,4193503
nci,321440
mus,1026532813
ura,9029620
aft,902339609
log,125485318
hro,102396
inf,990010837
cau,439725312
let,497370743
alt,505664824
rre,0
ana,385841486
elf,1445073
eng,620942210
ett,1735746
ora,80113904
mis,458921418
reg,862622326
lig,324387633
ept,0
ail,7604199
urn,3714015
ute,18052263
rod,51581566
ima,260791085
mea,1026364930
tar,105176138
ale,80901685
ole,5509235
osi,2757331
ein,33009186
uth,547921
wel,815209746
cla,828684263
wee,211350334
tia,3286660
emb,147195864
day,724558872
asi,103283952
rde,0
stu,861820230
urs,3032012
fou,976681482
ize,508833
omi,32228733
efo,0
lik,918126754
rev,627357482
ays,129483
elo,22977001
rad,206482025
dea,622261573
tak,837889890
sup,982402556
sub,992185519
sou,843178413
eca,576214
ema,25535002
odu,325930
yea,987057202
ild,347524
spo,293584852
len,214357640
mpa,1857335
dic,89580094
pli,13139133
fec,6321299
rri,0
evi,304427255
ict,2191857
tud,3854226
los,360196759
ctu,0
lem,14780664
hal,350981154
twe,209452367
isc,6660728
roc,133078785
cto,133768
arc,224658332
sig,531537810
ami,59093996
ked,507974
jec,528887
hap,259573393
pti,131701
bri,752669210
ubl,0
sol,572067172
rly,149445
cit,475589242
adi,7719906
fre,882339377
cts,1026923
air,270253735
row,57387428
ngl,0
ude,124816
sts,1358308
dre,227269619
nic,109177009
dec,899790002
pan,132015044
bil,175691384
lif,686369180
nne,215240
loo,562070255
amp,64013392
sai,866199283
unc,198515310
xpe,0
imi,26794631
gai,130012385
ark,11202703
tis,72941574
hel,600900540
vis,352998587
mak,866084956
aga,749244415
ibl,158038
ife,528091
sea,452688911
rob,176812398
too,704086184
get,426877312
eff,790461871
rte,435459
ppo,370515
dep,714662933
avi,17916946
rne,0
rib,25804080
vol,394694013
mad,839264047
giv,827638864
die,277120008
rds,363599
sch,708780118
rol,244596400
ovi,4766204
riv,196061397
dev,847198240
try,162614396
ode,10901619
gan,45350482
bel,685171553
nda,306469
lia,67922276
rve,0
mic,190342836
etw,992390
tua,1941649
erc,548641
del,429140057
clu,114976217
ume,288233
egi,117167
sam,811631023
mai,467037907
ann,284421366
icu,734189
ros,131859721
ems,1409856
arm,356876818
emo,90607713
sib,16793489
yst,0
ega,4341916
scr,212841423
olu,0
ram,50504470
upp,87071714
lve,0
bro,705315929
uen,197832
cam,574004091
rna,10215945
urt,972954
pin,89948111
ttl,561575
exa,678610470
ruc,1277418
hig,730982055
eta,8769725
did,697892974
fol,714853879
vic,214089367
mme,4531292
dat,443358098
edu,319336354
oce,44037894
cep,4325020
rot,67191039
vie,381682023
pas,687358744
org,444594067
ntl,117325
set,573938081
oti,3722384
spi,386911135
rso,0
ily,740972
div,409005636
ato,61489322
inv,740500158
bas,670493450
pub,641592287
aut,544818011
oni,9018727
exc,742033550
ssu,543328
mod,654554983
rmi,299423
lue,653299
opl,256843
lor,224261833
eig,158536621
poi,565589427
jus,633673589
eop,0
dge,140936
eet,315979
err,108846562
mot,462336553
cco,0
oma,5715630
nve,0
ono,1748678
fie,269044078
yin,3220730
hip,22332255
rap,138235088
hoo,48649585
ism,3393524
urc,1536739
dow,491658232
ull,1676012
bra,357237872
lay,178959382
umb,9813101
ncl,310517
ick,678171
nme,100431
cap,564084752
hom,399635566
ged,1609788
lop,6296339
iet,344566
ler,4765118
ogr,645571
efe,358385
def,675935420
ssa,696840
var,610451459
num,614031707
cce,366834
nee,534870790
hre,0
tea,429878722
leg,355646138
peo,689887223
loc,434130457
bot,663719853
ped,42832034
eni,6317348
lai,72632058
put,294833309
amo,559466457
ink,12503966
rdi,0
eld,49040743
sic,73216802
rvi,0
req,477299262
bei,666236792
bac,600119379
liv,492010289
rni,0
mem,526127178
mou,276513763
epa,5011558
rme,0
sul,71290539
bor,258609319
dur,508251617
don,297786240
ool,697667
sco,223911731
sim,624394811
ppl,157736
cro,374864711
rts,445107
add,584894102
emi,84857775
mpe,746771
fra,558784818
fig,623074767
rke,0
esc,92998374
abi,110220383
ano,485632417
uit,472716
tec,307339923
rim,12494784
ape,19106593
cus,153143376
sum,261472522
ban,357114401
bje,0
ane,36285877
goo,635305082
esu,301359
ock,672533
tee,55689613
erf,1006613
sal,334998698
dem,452676069
vat,9966640
udi,344084
muc,621070083
sys,617371664
lla,1632880
nom,50107239
tch,858360
uce,0
sor,173723675
ndo,0
tif,2212105
uat,0
nch,230907
ndu,0
rsi,274537
gat,119065630
van,107527297
ppr,175102
mov,472552799
ech,26889140
cip,3428140
roo,351773946
els,138791850
nec,369183051
bef,616371724
clo,532898632
orn,23881803
pte,1220086
alu,23038126
eem,0
onf,0
sci,314096656
igi,720511
roa,163813760
mag,238058358
lab,327923736
det,582114492
ken,75783564
ila,652356
orr,1822227
rag,29803953
rus,191640914
oes,2995189
say,528387357
aci,116016308
pur,558691069
gar,172984612
nar,135364692
cis,8484990
nam,432147707
ank,9140821
vit,81425533
wat,565030157
pra,516691897
nco,605942
pow,560762467
fee,552893191
fai,483474304
ecu,5999477
rog,26940069
far,503743165
tme,120908
lut,23941349
ier,374824
orl,16267911
rty,0
owi,23543879
dir,543973864
nct,241347
lev,370620736
plo,66611422
pai,395407482
mun,57308400
gov,573094438
ics,1136007
nfo,0
san,275197343
sso,152655
oca,547109
eep,235983
tom,90831719
law,535327460
urr,343032
lth,141743
nth,1836973
oup,362266
ibe,2388741
pit,95935702
epe,153484
mas,395045434
inu,4351274
vio,141002627
nan,27652387
lls,132140
net,170020066
obl,100982579
wri,532024859
lud,9969317
aff,396874108
apt,20586095
phi,262739239
ccu,166248
fri,385171855
epr,904651
rms,1439424
iew,0
iva,7372457
sma,451040793
dar,208257712
alo,339206559
occ,518552008
xam,0
lim,306104147
upo,532434413
ede,13527822
spa,396768198
dom,231679858
efi,103277
rga,0
cel,311950224
gni,0
tut,16061854
iza,785191
sla,168508240
dra,413510204
uir,0
hus,107662373
sat,276918464
oke,565504
ena,100112846
mig,476649545
fun,521118749
rld,0
orc,24017676
sev,509176809
nev,435322845
lus,17336348
arn,18483962
mse,1582459
uar,496107
ero,23936098
dan,274258957
pul,135523071
eak,377456
tti,396329
zed,1389725
adv,503258628
opp,333857790
ows,136381
pac,157921390
eno,222888810
erg,5178942
tow,478780500
ung,8999840
mpt,263376
phy,279015314
wev,120815
bit,123362252
exi,326073368
pic,227663106
siv,3956907
mmu,0
ncr,367291
ysi,0
liz,8457570
boo,456426541
aki,6376720
nea,323684677
ker,24173475
ogi,996930
cin,28949968
ior,523128
rab,34574082
vil,133830749
rro,0
wed,38577306
tag,14850219
fil,396567014
ask,314397065
fam,485979896
bea,467981510
bar,391685180
bly,1492868
cke,0
sca,306143345
uss,11158409
hum,459919353
iso,85288743
gic,109397
wom,489543574
bre,397336743
aso,1294866
eav,2127273
nsu,100953
thu,401411265
mmi,121699
iev,0
ibi,60638436
pir,11935662
onv,0
ata,4251291
niz,1240905
mmo,1089561
eel,2677184
zat,344049
epo,12063167
bes,355622446
awa,399204574
gle,25916836
gio,9620080
bur,320969778
wan,415821976
cli,325861983
mul,178646643
wis,241466278
ncy,0
oft,335306978
beg,468216030
nou,36384567
chr,424190136
ngu,1662430
rar,76053433
oor,325257
wal,396117362
ule,388454
flo,437729168
ash,48336155
bse,374676
bod,332544259
hit,84876959
dua,20467505
rid,108910071
lti,101159
igu,606874
tac,49573276
nio,1206547
rnm,0
typ,413200498
agr,339426249
ets,986310
cra,175428486
cov,230141995
inn,144550957
iel,128157
uil,0
ota,1202040
bus,353084744
cid,2812151
mpr,214049
uma,2305400
ims,634683
aph,7937349
non,322031436
bed,131363579
nia,4735378
doe,434373265
nni,0
ety,2731663
ntu,124502
het,23405729
asu,2599135
ket,8998766
ibu,447396
rpo,0
ala,75785859
god,430063286
xte,0
iri,49500614
hur,74902420
eor,806535
obs,372981728
rtu,0
apa,85651315
ngt,0
oad,0
cei,15779112
cut,166732634
rip,26385319
pet,179733629
niv,2075942
eva,163912987
aro,273423365
aug,120144180
gur,9785111
phe,87000945
hri,0
ras,20330296
egr,2285354
olv,0
lum,39191407
pme,114194
gue,75654544
ply,8891900
gla,225198681
bla,379737469
nif,631828
erl,3119178
sia,5186797
bin,74918097
eit,232386845
sua,4839156
wen,236678760
loy,34398404
oge,168212
hie,31305283
ody,4094700
sar,57584883
eek,116649
hir,39348450
lde,0
scu,32489661
bal,246287931
ogy,188649
dee,230471927
dle,117533
rei,130948590
ubs,144356
fat,366314555
gui,212437765
hop,212155674
rof,0
ben,364729827
ngi,0
efu,0
ipl,152582
ady,255639
wes,312914071
opi,140853892
top,183755880
nfl,880941
ief,127404
opo,1083266
ott,22421048
fur,367650887
ype,0
xce,0
gua,128226310
rra,142211
pho,207094742
adm,372827883
pha,146840782
uff,395806
vem,0
ril,5122274
edg,77521135
api,8236776
lov,330446523
aly,904019
dly,0
eur,224701418
lou,117710624
eam,1174695
ito,1818477
isa,29232099
eiv,171118
wea,331256703
xpl,0
kes,2577751
lib,284862394
etr,4617620
alm,243190031
ola,2241021
sce,119969079
mma,335105
chu,309534285
imm,318082181
dmi,855734
flu,136433022
isp,1333461
vir,207045367
alk,19354921
gge,0
ift,185334
ege,1244352
blo,357504157
ait,1919621
ney,1061496
ldi,0
sue,18219668
owl,5245216
urp,0
pot,213701893
elp,592167
beh,365398419
ury,176849
ltu,0
fle,151323722
nag,10787676
swe,158032950
rva,0
ava,188110226
hon,192013626
hod,8257709
dri,287545825
cos,303173863
heo,0
oom,166993
irc,1681021
exe,317635716
ugg,0
ctr,2275760
nvi,0
xis,0
pop,340299255
oph,7306567
odi,4282002
idu,117132
aye,4673681
elv,3006675
sus,190274558
sil,205815371
ods,277880
oon,185927
fea,309012897
eso,8330782
evo,87925513
une,117853834
ldr,122006
lte,136675
fit,114831548
avo,113665309
ees,300286
onn,112370
ucc,1162479
ham,88554935
tol,236372390
dde,317204
ama,52582733
bat,207978370
fes,28985915
lwa,0
few,341583317
fel,306289323
tta,165323
irt,373671
uca,130616
oot,243672
sep,275677131
opm,347580
ium,126433
owa,276781
nie,18801908
rul,284587328
ecr,1408951
uis,248273
nen,937221
bui,323065858
oba,1322056
erp,1019813
iod,9039349
eft,1374598
mac,230967329
lot,102595917
pal,172727736
iol,324459
eer,2632209
sly,2704966
abs,306126870
rav,20808395
yed,299486
cir,320201118
oub,0
gul,29910531
ubj,0
yor,299750739
iga,1081739
etu,3025638
yer,3543403
cil,5628376
dus,39069971
lef,314261306
eye,280904018
ddi,111496
sir,133897834
usl,0
hun,285785148
nue,4265214
hte,0
cif,214350
agi,33276771
hys,10459599
foo,313580967
rli,0
dou,250284467
bst,164778
pie,175240744
raw,31796034
obj,319367506
isl,165739365
aps,1992879
cks,0
cum,27785085
chn,0
mid,236616681
idi,15211632
tex,209267938
tog,206145597
fal,270354034
osp,699029
bab,77458749
yth,126491
joh,314145910
ews,156251
gli,35004029
geo,248848662
nty,0
acr,172701008
teg,767297
iqu,215355
gne,1899369
nig,234532316
run,218431677
rry,0
uro,3271517
yes,115931951
orp,9404899
dro,147168848
ray,62895263
ohn,1536264
hot,113020048
yet,298226127
gal,117526339
ado,158805176
cio,2451309
jud,270394904
got,194568675
obe,48720469
tun,52390560
ipa,361611
rks,0
sem,90353488
omb,1728447
hts,244119
cop,190034569
nfe,0
doc,276398485
pap,241966049
lio,20703335
anu,3307308
aim,70836865
elt,1352057
oil,107164334
rcu,0
ths,831025
eds,28858832
opu,4448158
fen,29790721
ida,7596645
ndr,0
iro,102758260
amb,95234871
tir,36843267
iam,1286793
ais,6634591
alw,290149957
nel,22910163
urg,56573961
kne,186748344
egu,0
dam,138581918
atc,1223634
fla,231476243
nim,3953679
ski,225140152
nex,221259026
oye,465920
gem,7764193
seq,78590974
ils,2022264
voi,153746824
nfi,0
rsh,0
rew,47243692
oto,1973439
llu,0
ira,37526877
atr,20102699
usa,46243274
icl,191712
bon,186047781
usu,246328251
xpr,0
tot,244819501
maj,281119830
irm,856204
ino,18010111
ols,4818835
sug,281226174
pes,29252599
udy,0
gri,126986038
ued,229398
hai,104896291
rpr,167512
iab,0
lam,79007060
ske,55732717
nab,2731504
mbi,164820
ada,117222587
wle,0
gis,4872175
ghe,6851978
ird,355902
lad,126311597
smi,150553366
suf,256065819
ley,4826913
rci,0
kee,239643120
lex,15599588
gth,260045
mel,91562060
ams,11994395
rgi,0
lys,7400096
spr,225320876
boa,221325620
uts,147290
lts,719007
alf,22156212
pay,246334327
oic,207022
ump,1678826
rue,7752393
tas,167919380
ipt,174484
arb,50235055
lmo,0
nvo,0
yon,7485301
jor,16622135
rfo,100953
opt,144744647
yme,0
udg,0
xtr,0
imu,0
bov,3446113
hee,22762401
dva,102801
ilt,0
utt,47199728
ige,1049317
nsp,140524
ocu,4284408
nso,118409
neg,239803512
upe,124450
ago,87867876
lse,257786
oac,0
eha,0
dul,30789115
urv,0
rum,30431981
kil,133497707
uns,98620907
omo,218650
tig,47634928
sli,192997581
ajo,0
wid,229887575
oct,92079556
epl,209743
ips,7110438
una,124643336
eck,2343769
ctl,386664
lid,10851220
nsh,0
vai,24505601
coo,237957920
sag,27783533
coa,227399857
mbl,100637
thy,61312031
sym,230452208
rif,21623508
epi,124343082
goi,211460092
mee,242344864
nua,2691312
lau,139546860
ror,3001708
cee,681291
riz,1674091
uid,195936
gly,16031568
erh,767599
tse,2999923
ngr,0
ndl,0
aul,1742102
eau,1551385
oar,4081180
fus,28739852
tou,176352602
cem,26486499
enn,3274186
amm,25251100
ogn,457526
iar,355448
mpu,124679
why,231951639
gna,3706485
cta,362448
utu,0
nov,165912390
six,227503794
alr,199700906
ush,5554804
iag,745099
woo,170205637
cog,43925734
ibr,2551501
pag,179718503
rfa,120822
tep,1628719
nsc,917797
rha,1297212
gon,102016776
ilo,1966896
agn,8647031
pee,45800364
poo,185766346
zin,13459557
lee,43103879
bol,67749119
alc,55314631
nol,4008725
kel,21840225
rmo,0
umm,954260
ads,13422740
rki,0
psy,200796818
hni,0
siz,162463364
uck,0
rns,204183
glo,183824391
lag,20692726
ppi,366159
tto,137111
oid,307405
ego,20282268
toc,3107652
ecl,11212503
pel,26795306
sac,124937035
acy,1336421
lip,60261921
idd,195634
oat,23291917
uag,0
ffo,117453
efl,192034
ups,38607512
fiv,213718799
ats,403765
cru,149444715
atm,50956916
tax,202938051
nut,53769234
fli,80393895
sun,195825760
env,201025567
ify,130552
oxi,38187027
asp,144917810
nei,188600150
gor,40713552
uto,7346731
icy,3325857
nki,0
ych,0
tne,3594854
pil,95783421
stl,230697
ipp,378903
joi,173710401
jou,196829703
irl,326391
fas,177669428
ofe,0
syc,1557810
sle,115226462
pou,115399848
nsw,1146996
ony,760224
oks,0
mom,198254849
slo,177340385
loa,142994879
sty,110180493
ubt,0
oro,3717864
enu,14529345
oly,8981336
nks,0
ois,771916
spl,75412198
rgu,0
ebr,429223
bul,121831816
rer,4188304
due,173966478
rut,25996551
ops,1030454
adu,84820600
nsa,1277619
apo,66691804
poe,197675670
rba,0
mph,1718653
rug,12802883
jun,162583690
lre,192103
sui,137569563
oso,325176
inl,19089218
uin,128496
fed,152496461
rsa,573051
rle,0
nsf,864558
deg,186264154
obt,193252492
fis,163528405
dio,36027887
lds,447275
wro,192368373
squ,140884378
rfe,243751
rwa,1758405
gel,16241266
bta,675481
rtm,0
erw,1323165
soo,187084458
hme,0
cup,46709986
uan,0
gme,243966
hab,91685962
urf,0
itl,211908
sop,32833338
tus,6712506
oop,705902
bio,148691780
sex,153673873
ayi,0
vor,8983230
nga,923980
roj,771489
cad,24085570
roy,93799316
nem,5077131
afr,182171617
neu,132878824
lty,0
wei,168217015
ids,1272934
oje,253556
onm,0
dor,50885274
ddl,205397
eph,9052462
wai,141776643
rgy,0
oms,326957
uli,277434
civ,170814303
mbr,147999
urb,65705377
saw,170055436
cca,718718
bir,167246302
aud,108075423
cot,59643222
eou,116233
abe,22904532
ryi,0
eon,765740
xim,198149
unl,164664149
hly,0
irr,120547970
esh,548651
ots,495987
sav,171291469
doo,156408523
lun,65588400
fut,166517696
pta,1423132
nno,0
ewi,1614464
ova,19508206
ewe,3272700
vot,101899141
xpo,0
wne,0
epu,108914
oda,931202
asc,72154261
bru,89205081
raf,12304520
nef,1536392
mpi,340503
oki,1325958
unn,30130901
pid,1548890
ocr,411844
ymp,0
erb,615335
dol,86764076
key,118869167
deb,151740360
obi,3147051
boy,158706734
mol,120437664
stm,592114
fav,157971661
nqu,0
ehi,0
axi,45487087
fan,86120805
idg,174233
nos,48681240
eol,234201
opr,579450
via,46528409
cki,0
bso,0
agg,73759503
dim,120078882
nna,0
itc,4039128
jur,79289147
enl,59752790
inh,148498792
mir,72962348
uci,121262
ttr,101198
reb,70951952
gno,4020257
lta,985943
dig,101850161
vou,11604168
rui,36643062
gol,142066015
wth,404977
gav,156176627
uta,7650374
isf,313999
isk,196382
iii,99320462
udd,797005
lav,18391173
lua,769258
cab,84731109
vas,82842381
niq,0
rno,0
mys,155000263
ico,13143634
dut,155355948
sph,45265263
ums,0
reh,25397904
oya,303856
owt,0
bey,121118179
cqu,0
xer,2371683
edo,2611640
nad,8579204
reo,19137657
hib,2900887
oal,0
ptu,0
big,127991096
tum,49608632
yle,0
rup,16962504
ppa,241601
gir,148955355
oos,148885
xed,0
gus,13441588
acq,136535722
ghl,0
usc,1108299
aca,86271997
won,148723585
uic,0
syn,135778183
tip,37958899
gas,128942727
cea,42134980
luc,70932164
omy,0
agu,4058004
ckl,0
urd,1415692
sie,38031496
rbi,379767
uly,3018275
jam,129978063
mbo,364576
gto,120707
afe,119545
uel,184350
aws,194697
tam,25751679
rsu,0
shm,260072
ofi,724654
dne,101685
joy,53504024
wif,119996764
dru,135629821
nus,1085821
enr,36013175
moo,101528124
zen,8325976
eto,2403377
sme,35287195
upt,10796439
rbo,0
nha,305912
uty,0
oet,0
rfu,0
pto,4347366
nke,0
jes,106635796
tod,121519422
viv,30978649
acu,41182713
jac,115377846
eho,0
gam,114134665
plu,118703853
dal,28415995
nju,0
yal,12647646
aig,109044
eag,37613114
uls,3343496
mew,1221257
dil,56146135
rok,1151558
lur,13063764
fif,136636970
nli,0
asa,4906177
jan,127795735
job,136289694
fem,134480974
neo,29406937
iec,499843
vey,0
saf,128098318
swi,125902582
ixe,0
ugu,0
mec,130238385
pts,1819447
yse,0
tsi,1089964
hec,13889996
eec,3096808
eut,3699294
bid,26465027
moc,13284508
jew,133178396
hno,107371
edl,146411
lyi,32680159
jap,131973219
ewa,1436960
pau,125869961
nac,12457731
mba,1443479
ifo,224518
aba,58217952
nas,35699855
orw,1579368
adj,125961676
gag,7497968
upi,342784
bad,115457443
tyl,5275918
xec,0
cod,111789883
nfa,130724
hyp,128185644
itr,457717
nyt,596285
tiz,167501
ewh,0
zon,56386634
uou,0
ouc,534859
rmy,0
ald,15732472
jul,127966538
inj,125419328
ixt,0
smo,95247107
blu,125382498
ius,728911
sof,111821148
asy,20396437
mst,346224
arv,947238
ddr,577992
eyo,0
fix,109296057
azi,3163316
gho,21185949
nle,0
mur,98146603
ehe,378308
mum,11198759
imo,1388057
max,116489539
umi,426581
dve,0
och,4641781
erd,1043417
xic,0
dav,116401756
awn,1064163
arp,1494824
quo,103080259
rda,598013
ias,817689
bia,26669477
igr,0
hoi,4900736
git,3481136
tay,26017126
sov,114678376
utr,2542379
osa,3486067
rto,111784
dai,95086887
orb,23763402
eap,414042
dop,11419970
tei,2290902
rpe,256085
oud,1313230
unk,46755984
abu,87421925
doi,115431743
gie,1575786
bis,85319628
sfu,0
wav,112179670
tob,25924796
fid,21393603
twi,91937725
ael,231205
rox,2271020
diu,5174974
tib,17797871
abr,71772184
ilm,574187
exh,113128087
hyd,91684654
lcu,0
sne,10794822
gum,8676000
gun,69395617
mix,110363218
unf,110570647
hia,2765212
etc,13342115
kly,163010
exu,9921797
izi,0
tev,273308
usp,743383
nnu,0
sad,56158946
foc,108981310
rla,0
rtl,191947
ffa,346328
kep,104583869
ube,1831091
nfu,0
oas,3550281
xcl,0
ryt,0
tap,52773880
eps,5242245
xpa,212356
pis,24104854
enj,94139167
eks,0
lob,27719719
opy,0
nur,89223596
hio,0
pun,97584050
oym,0
lvi,1281361
wag,98841903
ilu,0
mut,87175990
ssf,102416
lph,0
voc,42362826
nsl,0
utl,181382
dvi,204191
uer,0
scl,6757744
rej,80251225
ipe,544685
sfe,123119
nob,89848633
lco,0
imb,13041510
tub,89547463
aun,21559481
upl,9093033
ckn,0
cry,90674211
nav,84843247
fet,30329665
ydr,0
apr,96851924
ebe,4350154
utc,279532
tue,9677362
ycl,0
abb,37033454
atl,39381760
fly,51116536
bun,41864211
nuf,283685
cyc,73610699
box,95219841
egy,53115708
avy,0
xch,0
pus,61728790
ifu,0
oys,4787679
mps,2009465
ufa,292274
osc,21382426
xes,0
sud,100545517
riu,0
olt,248993
emy,0
uge,0
icr,748257
lap,25744354
isr,60677208
ggl,0
dwa,6841834
alv,11626823
goa,97864822
xac,0
njo,0
sab,23645256
bud,97877156
rwi,0
lke,0
rdl,156482
lto,0
oan,233395
iot,1021032
lak,78772933
eba,1177812
nva,380953
soi,92539483
pse,10135547
upr,19912743
sef,1400057
sap,13443479
umn,310522
rmu,0
pok,6308348
taf,4786725
tla,593576
roi,2724530
opa,7719033
yna,0
xua,237140
eum,966270
gia,23745784
rco,0
bbe,0
lom,7528019
sba,483180
lne,0
nuc,82740545
eru,12053116
ucl,1598331
rbe,106906
bos,84012730
aco,11182194
oof,0
wic,22466227
ypi,0
rgo,0
fru,92827098
dau,88756221
aym,339281
umo,149258
obv,94231897
zer,37234504
noc,6318358
sfo,745100
sif,3087342
bvi,0
lki,0
mie,2959354
hbo,320738
asm,1423454
tli,3765102
rik,798660
vea,2179745
htl,305292
rud,27722859
aur,17559805
idl,17156258
odo,12484784
nap,38131026
ghb,0
nry,0
noi,47442070
nui,5553507
bow,73790158
shr,81070881
lel,2123169
twa,7318668
chm,103834
leo,41394026
kle,9092871
lei,43554695
rey,12346910
isu,114578
hra,240337
pab,2507689
hau,34194505
cav,68694733
usb,647175
phr,47493279
dry,74405620
dgm,0
wns,121753
dju,0
gns,0
ssm,205871
owd,0
ypo,0
oco,0
dog,78736370
uot,172193
coh,38760503
tty,193336
lub,8260554
bib,83394463
odd,29919322
liq,69016026
ulf,258207
iog,0
ymb,0
uga,5011092
uip,0
tau,55053918
yri,0
yee,765704
rtn,0
swa,73273110
nca,892463
buy,83400731
adl,3964603
rtr,0
ilk,532720
meo,628066
hid,68269523
vii,55988194
isd,1255023
rah,3540794
sks,0
vag,35893602
dyn,68951197
hae,9117212
goe,75245662
yan,17638462
uee,0
nai,28900373
jos,79551784
eys,612836
cci,493143
ryo,621028
gaz,38235095
map,76719165
ppy,0
alb,70775587
omf,0
coi,67050653
wly,0
mfo,0
eda,651220
xci,506299
thw,4515716
egg,44707428
dex,7535294
fau,60456652
thl,312117
aze,1240859
rcl,0
mob,55429756
rae,1581892
vac,54965671
rub,55248197
ipi,158979
lep,6969646
yel,62771809
acl,1528710
sfa,449331
deo,3295120
itn,133854
lme,121556
ipm,344291
nfr,0
utp,222513
rlo,0
mex,76322963
rau,3148003
tfu,0
inq,59509552
eis,10576293
eab,0
osu,171913
yar,48342499
deq,0
zes,1673823
thm,124244
sas,11111675
dos,55591737
lva,0
rho,20919294
tmo,0
uie,151972
spu,23897928
mia,8266171
hoc,11931826
upa,2467442
ebt,0
eaf,0
nsm,0
sei,61503890
uke,184340
coc,44129911
usn,554812
hif,0
nhe,0
ulo,0
nny,0
dap,3361558
sth,360044
gil,45291608
axe,13818439
rru,0
oui,845235
ndm,0
adr,20657659
fyi,0
rua,772400
auc,16302944
kis,32045114
nod,58298543
edy,0
jer,71713998
ubm,0
sew,25033850
ivo,7588003
yie,71129059
leb,11113635
tos,14445574
ewo,0
ogu,207256
web,70795861
edd,9886291
hle,0
hwa,924972
izo,0
ulu,191029
seu,3892871
sms,1009055
hak,2239196
amu,27564350
cow,45329703
ggr,0
tid,29859341
ubb,0
hoe,3769967
igg,1859498
enh,40052627
hug,67853009
oem,338112
feb,68291858
rls,213251
rdo,0
eje,5382187
xhi,0
igo,1085334
rys,143527
dli,0
ios,736815
nre,309099
irg,207810
xtu,0
awi,0
niu,312316
gos,43813670
tpu,0
alp,32230040
rsp,127233
alg,48326092
chl,35682791
rpl,0
ido,11711740
unr,62810001
nla,106853
lym,26557081
cag,10412042
fib,66786788
cet,7430759
ffs,158103
hti,0
swo,42652029
ypt,0
sky,39679408
unp,64851827
ngd,0
obb,107175
ulp,199580
bay,55099367
esa,2337189
oga,592509
gdo,0
aha,3181569
loi,8476447
urk,0
sau,39252337
shu,56760933
fts,169630
dso,182649
sra,762932
hut,24295924
emn,0
lfi,0
kan,43987925
vig,39795640
leu,17696445
cui,4014815
npu,0
gea,17720097
enz,27683417
gim,1222325
lui,10685326
ynt,0
gha,9016465
zar,2003802
edw,61399793
ncu,0
rhe,34465333
xid,0
kab,3752210
erk,515462
anx,61084996
ohi,26559742
apy,0
wre,39576592
uad,0
bsc,609240
wir,57499529
dsh,0
nyo,0
aby,6003867
lbe,0
nwa,0
aks,0
ntm,0
eil,1638206
efa,190704
nxi,0
coe,54593491
oit,144558
eei,0
oxy,37849661
oir,0
rka,0
gif,61173160
nuo,1622369
lod,31294138
hma,0
poc,31195628
dip,55238894
nop,885581
eov,0
dwi,5938489
lfa,129578
rph,0
yte,0
hag,13955023
ilv,0
raz,5188757
pio,30003897
sod,34783063
iny,250406
ieu,0
egl,1193400
pia,26838524
gib,17334962
lew,31409193
haw,34026346
edr,0
eby,116183
gyp,5921434
hew,6991467
fty,0
dst,257686
agm,187930
aya,1942271
syl,22893622
uda,827311
seg,55976967
ndy,0
noo,17337331
seh,1363986
kid,56322817
moi,31922323
von,44159026
thd,147083
bbi,0
uiv,0
elm,7286197
ylo,0
pru,38357643
ngo,5262993
enf,49206643
das,37780780
olk,0
inp,54477828
tma,309006
sna,49357507
wsp,214014
hns,0
cub,43816398
bic,14988199
efr,157174
bmi,774031
xio,131857
roe,6879777
elu,14116298
umu,0
bag,42187801
ggi,0
miz,1300811
aty,2639058
lyt,2751485
pyr,23043499
bsi,174827
rur,50053232
wak,25904086
jon,53388159
iry,0
pup,54087785
lsi,412153
aza,2653529
reu,15346570
kni,53177796
sno,52081678
ckg,0
kgr,0
kar,36655099
dme,342869
ngh,0
eus,5115134
nkl,0
xin,1326677
pth,682958
tco,153037
rvo,0
hiv,13309606
ubi,4510633
vet,27844830
oho,172321
lpe,0
pip,47023432
kit,48620458
tfo,0
eog,0
hfu,0
uab,0
cky,0
bom,48625795
toi,17764886
chy,935572
veg,49906994
mbu,0
gst,557921
fth,143203
xfo,0
efs,115087
cyt,19498302
otl,101704
ybe,0
sfi,0
oxf,50540168
sbu,105100
jea,49139314
thn,260738
mok,650226
onu,865435
ugs,0
tiq,0
yli,0
ymo,0
cka,0
gma,375735
rca,1613269
kag,1242075
vei,38806437
ulg,0
iki,149317
eny,0
buc,42949764
lms,401942
lax,4056329
thf,560276
xan,574132
lst,717738
dot,24717696
ayb,0
unw,45364661
vul,31113311
tts,206795
hru,0
uln,2562184
mam,33134305
lux,23588588
uba,0
cim,2116292
nip,6347457
bte,0
itm,121806
eki,229765
mne,1803116
yti,0
ltr,498421
sey,4528963
onq,0
hdr,113135
ayo,374837
hlo,0
itz,336890
nkn,0
mly,0
oze,0
nil,12563472
odg,0
dwe,36081198
kli,3048354
ebo,1904939
dyi,22424339
teo,1290818
ssl,566608
ywh,0
xat,0
oru,0
kat,35267895
olf,2901624
dun,35625126
cob,16369970
veh,43090478
zab,113534
fab,42055417
phs,375425
ybo,0
lga,101555
ocl,655153
dum,27647389
ffl,282825
elc,0
cef,221408
yne,0
ilw,0
uds,0
aor,8701703
epp,785828
uve,709669
tyr,25638672
aqu,27190500
pig,38488471
lyn,15991454
wde,0
gap,31806855
tox,27642888
lge,0
ahe,35006181
duk,41425790
ayl,1002352
dab,3406154
cht,221427
aes,22988038
adh,36069990
boi,40171911
arf,520691
xit,0
ohe,104272
mog,2126224
tuc,12858155
obo,1320287
unu,40218170
eiz,0
nau,14999207
tul,6808431
iph,643575
rao,4632462
egn,0
igm,994040
sak,31423754
ofo,0
uno,15111930
ioc,501682
vad,1089465
axa,0
rpt,2158725
myt,39921902
hty,0
fug,7775451
lln,0
ogs,0
vok,0
egm,572584
dth,150325
xem,0
kor,39237516
lro,119191
sip,6752051
aje,0
lyz,0
fti,407257
cof,39274955
wol,34097041
nog,862606
wye,1100697
lma,247743
eud,612202
xon,0
sda,275999
uai,0
ldo,0
dix,6977075
apl,1638372
ipu,0
fue,40257235
yla,0
xie,343652
lks,0
pov,34577758
ssr,1162407
onj,0
ecc,28152511
url,3009672
hne,0
hwe,0
nhi,109888
rml,0
idn,0
nri,165515
fos,39672839
xii,26374706
siu,250491
dma,692421
edn,6043855
gou,15226019
cac,11902404
lmi,0
xvi,24543767
tew,744442
ccl,213226
htf,0
hyl,732849
awy,0
dhe,561316
hay,31699094
inm,8935526
xha,0
nak,18508073
nbe,361470
etl,140956
fon,32650976
xts,0
ckw,0
dox,1043178
urm,0
kwa,3040637
toe,13454152
emm,12339979
eez,232254
oak,22096523
bie,8977072
dad,24392402
roh,1904700
dna,26360437
iba,2173754
ibb,0
ffu,0
isg,0
vec,25663153
nje,0
xti,0
iru,0
haz,33347312
liu,3953099
yto,0
yge,0
laz,11298285
kon,18330373
bbl,466628
lpi,0
pty,997413
dvo,507783
xas,0
nyw,0
vab,0
yro,0
ieg,0
lul,4964434
sot,3813206
glu,34550529
sdo,0
onk,0
egs,0
wet,32748435
ebu,563851
ynd,0
bak,35165916
ftw,0
aka,3655711
tok,25135994
onw,9492854
nma,0
sdi,574980
yra,0
xyg,0
dib,779753
uco,0
nym,3089841
eof,340936
voy,23393478
diz,4626665
tef,830634
nul,12570665
otr,2157909
rhy,32530494
ilr,191304
gau,35221554
abd,34596230
awf,12835940
unb,29085556
ylv,0
eze,3059069
ldl,1245365
esm,1095825
hth,0
kha,19489005
tui,6239438
buf,33854409
oef,0
btl,0
oty,0
dho,369351
pad,27690515
rps,199216
idt,0
gnm,0
mbs,239624
dhi,0
gry,124081
zea,32929885
isb,8738293
kew,1003501
bap,33129587
aum,530913
kir,15263507
kso,0
jum,34092333
psi,4296968
mni,0
hep,18416832
hog,11123740
xil,0
ksh,643458
tuf,4325882
maz,7278180
yno,0
hyt,141508
olm,1333960
lbo,203418
eid,1063961
kie,6272892
usy,0
ugl,10779492
yze,0
tna,563981
vap,18973462
wra,31953079
rpa,194552
lgi,0
osm,5942521
mah,26472611
guy,31162951
haf,1536413
pso,1776478
oyi,0
ocy,0
pep,26737855
wfu,0
ddh,0
eom,1229077
inb,4011972
uor,0
nun,12267893
gid,6020727
nho,0
deu,23940208
nzy,0
pum,31272488
osh,1790155
cai,16609343
aer,24176676
syr,26648615
oha,0
aic,1074976
cue,11127941
tso,809915
mau,29322248
heb,25278685
awl,586525
unh,30108391
hym,14305810
iac,321250
nwi,0
esb,108315
gru,22008974
rgh,0
ubo,0
zzl,0
rix,225299
xcu,0
bai,28120841
nns,139985
tet,12615756
elb,12722273
nbu,0
ggs,0
npr,254281
fia,5457539
doz,27906199
xib,0
arx,0
ulk,0
ddy,0
ndf,132649
eke,844428
lil,20195886
aux,16282153
tst,161610
ubu,235665
nro,107898
mab,3537650
rbs,168790
hmi,173948
dgi,0
yma,0
ulm,898906
neq,736053
etn,490182
igs,117732
ipo,1201338
ldh,374945
mns,141373
dsc,511485
ifl,158825
rrh,0
esk,3480976
nep,22538519
stw,0
oxe,3780236
fev,29446477
lps,827299
aho,1562199
dys,21588013
dag,6372637
hac,12732767
anz,1533596
zym,123387
ags,231525
oln,602003
nsy,0
ghi,794932
kal,9890804
iom,206442
eju,1031246
mud,22010413
kla,5598689
rcy,0
tug,5764132
ssy,0
awe,9318702
bbo,0
sro,378348
ovo,819734
ibo,574107
esq,9528200
rfi,460694
rgr,0
xxi,19224221
ryl,923128
lci,107045
exo,23106285
rkn,0
mue,2464965
uzz,137488
rcr,301483
mcc,28841793
ffr,0
hst,266570
bry,11440209
ogo,110362
akn,0
dei,24544431
bno,0
oqu,0
rbu,0
tup,2413632
gee,6595620
cyl,24884195
ryw,0
hoa,10695533
enb,0
slu,25945655
lry,0
awk,9133660
dha,5762875
ucr,224526
sfy,0
lah,3497115
hov,7942945
abn,27313931
anl,528668
ndw,0
lyc,2595140
ymm,0
jim,26719745
jef,27579476
rqu,0
ciu,1120018
ska,5076336
ngf,341187
soa,25414868
smu,9026105
yde,0
lba,0
rak,4773907
yll,0
jen,26393679
sob,19041277
hev,496633
esy,0
osl,2694625
wni,114453
nze,0
amn,6151718
uas,142210
atf,260600
unm,24838168
emu,11225454
osy,0
eic,1656226
hli,0
ync,0
iop,320960
upw,25870777
mna,112257
llm,0
pwa,215840
kay,6608986
ixi,0
dmo,0
dub,23797081
zil,576540
dds,241615
onr,652518
bby,0
ahm,6608834
nza,0
daw,25164813
tga,185915
eim,0
meh,3366573
uet,0
yce,0
raj,13867180
axo,4280988
adc,963200
lug,6778718
irp,155356
vow,18271942
teb,0
bts,129090
eip,0
gad,4318923
lgo,0
dca,267668
bob,24426252
orh,0
seb,5977702
gay,24374399
iah,0
ulc,12292121
tuo,547878
zur,12379055
zan,3703338
ewl,0
eot,204030
pfu,0
sgu,0
ogg,350375
joe,24726470
enm,3854798
oev,0
usk,161605
nwh,0
hob,15309291
nja,0
lch,0
uph,17438510
ndn,0
esd,503213
rby,0
nka,0
elg,2051408
ubc,239319
edm,12140535
ryb,0
xty,0
zle,0
lfu,0
anw,857630
dac,3855137
pam,18664141
mmy,0
jar,19153883
lca,353448
yag,765124
dew,12966265
lpf,0
gab,16504476
ywa,0
mle,182195
cay,3173707
lka,0
ebl,0
ndb,0
cdo,171095
ssn,231606
dup,20089796
orf,805555
hua,4801036
hud,15884056
vib,23180812
ndh,0
tav,6856760
ouv,1236828
ubd,0
teu,2796299
utw,0
peu,5879023
dba,1132332
nwe,0
ghs,0
kra,10327117
dfu,0
tsc,286915
cun,12170818
ghw,0
noe,4084103
lfr,0
wiv,18575584
anh,3884920
rtf,167859
yph,0
mso,0
amy,10170759
aeo,927476
nae,881487
chs,1338063
awr,704728
bum,9842378
dfa,177955
lpt,0
xth,113220
kim,12338765
bba,111478
ndp,470552
tba,531432
naz,19894400
nid,870823
luo,782532
rya,5651368
udo,185932
sre,281514
cko,0
shn,0
eef,0
hul,12840364
eup,5426268
bau,12721655
esl,782544
xia,1995056
nyi,0
oka,16193440
eoc,1478616
npo,385440
uye,0
pak,19267471
fei,6948626
tad,2598029
pst,515699
xiv,12548745
miu,197634
dlo,0
tth,347083
rpi,129841
ldw,0
rtg,0
ecy,0
wad,13684340
pav,20554361
ryd,1691127
tze,222877
lsh,0
ckh,0
ciz,0
cib,1090762
wim,1387921
rwh,0
ilb,0
fox,20595208
obu,0
ptl,115912
ekl,109136
rsy,0
wig,8321655
rwe,0
oen,126962
bdo,0
dla,248862
nah,2383344
rdy,0
upy,0
sby,0
bsu,0
uum,0
asl,13851229
kfa,107626
yco,0
xur,0
odl,0
onz,120469
jai,19891990
ebs,110902
cuo,346938
ejo,0
kho,1679476
ogl,1467514
rnt,0
oer,287596
sut,18098864
akf,0
roz,246352
luk,17002142
anv,2203742
ueb,1152228
npl,185575
tiu,0
ayn,249748
cig,19555039
hyr,409320
anf,399419
htn,0
ebb,3608223
lbu,0
xag,0
byt,6355481
otw,326367
dqu,0
hla,1553512
dja,268813
rfl,220358
pne,12097893
omn,14519626
gow,9675502
hiz,172737
lgr,0
gga,0
wie,15537435
shl,337388
aja,2260341
kma,171468
toy,15323125
kri,11414537
irk,1687471
fad,17884517
xxx,16825139
sgr,0
oed,5489770
unj,12009602
eyn,0
ofa,634777
eod,312773
adq,0
azz,0
jua,15238447
rwo,0
bdu,0
anq,0
ifa,322381
pue,18598772
rct,379893
rbl,0
oyd,0
dbo,0
oam,0
loq,652431
okl,7694593
adf,257424
cic,9399633
boh,9521883
edb,117211
pda,816174
nlo,0
wto,3092463
ipr,478105
yre,0
olc,295996
eea,298748
arw,0
gut,16203273
bam,7239722
rdw,0
agl,718919
rtz,0
uak,0
soe,3218810
uxu,0
psa,13961429
kru,3825548
jug,7732769
pom,14604880
sax,17392605
adn,530000
rdn,219030
upd,17874259
xxv,11286435
izz,257121
ilg,132306
phu,475593
feu,16233892
hef,2239375
gog,3098619
ryn,0
ccr,269242
chb,0
cly,3878558
auf,9069959
hms,2267426
nsk,0
lyp,0
yda,0
chw,0
wep,4291334
nix,9485183
jet,14642590
iho,103566
nbo,0
azy,173189
heu,4873178
gfu,0
vau,15983707
zie,1575968
jok,17285292
joa,17276070
cae,15698612
mei,12967424
utm,12965420
mcg,17171983
lih,0
meb,219614
hao,511422
ywo,0
lof,12499056
wam,593158
bdi,173747
lfo,0
elh,117076
odn,0
dye,15929805
jui,16886689
eun,2276959
ubr,0
ftl,0
otc,661184
ebi,410036
myo,13356719
sru,209920
fax,10660669
hub,12328924
dov,10767416
ugo,463151
nox,2574057
eos,3247386
udl,0
psu,203547
uyi,0
utb,0
tni,356594
inw,13064644
naw,1749913
rkm,0
euv,264885
pki,456735
raq,205543
aml,406836
xpi,0
ymn,0
kic,15502588
mrs,16226508
onp,0
nsv,0
guo,683069
acm,2945927
ehr,2897357
ybr,0
urh,0
uru,3422916
tsm,0
hmo,1988778
eoi,0
giu,3602376
dah,3747897
pbe,0
pyi,0
caf,11861348
fuc,9852228
nya,1942432
rxi,0
sve,2678507
bha,9539371
arq,246628
olp,0
rsc,297428
oel,0
azo,1879775
stp,519338
shy,9159569
ryp,0
tpo,0
eev,263484
juv,13014599
ewt,0
zoo,14107323
tbo,134910
gac,342888
ixo,0
moh,15441941
dda,233554
apu,2177899
lce,101539
cze,13998541
cak,13676925
yab,0
wnw,0
owh,0
zec,1112214
hto,0
cys,12251457
vre,116493
viz,14121764
sbo,270336
kyo,2917262
ofs,299689
sow,14139147
kul,2487118
aru,3117148
eya,0
rpu,0
ibs,2757635
oec,4740824
meg,8758369
nwo,0
ngn,0
wpo,0
cua,2371430
aem,136903
phl,2702897
etz,433368
neb,12355733
puz,15105237
xca,0
ewp,0
thc,824318
bev,14661005
wli,106809
lae,1429242
hof,10301278
mik,14325051
nez,973622
idy,2141122
pud,5433215
ilf,150208
pog,1433169
otu,0
euc,8389154
aar,6572273
adw,0
tlo,102721
mim,12332995
aiv,0
nkr,824797
afo,11523343
nay,10804107
odw,0
gnt,0
gom,4585310
heg,14150932
dod,12790109
iad,129447
jaw,14422264
dfo,0
hda,0
ctm,185101
oky,0
bub,13665635
oov,0
mio,2428606
sbe,154659
itf,131774
mpb,0
rym,351805
peg,9473411
gym,7081951
dpo,0
dni,811214
nyb,140400
npa,272235
noy,1307344
afa,2603843
sku,13889584
hyb,13914850
byr,10769469
ezi,0
hbi,0
lhi,0
pik,5185848
iox,0
iov,0
saa,2794427
cmi,258142
djo,0
jav,13256051
uys,0
uac,101172
bug,10431733
nkf,0
pht,1455198
dwo,937571
ckb,0
tah,3282676
nra,763520
yss,0
eeb,0
irw,2736747
oza,1023528
agh,1224725
btf,0
aac,881264
ako,210976
tov,829639
jas,10401381
btr,0
wip,13100412
rkl,0
wma,0
kad,1461589
lyr,12521289
zio,9634204
ecd,303840
rhi,11254181
oyc,0
foe,11835687
utd,0
mra,458808
ulb,267836
deh,7800257
aos,463707
uso,515034
pod,4922161
isy,0
eah,0
bco,0
ahi,848882
enw,0
ozo,3983357
odr,0
lpa,150736
stn,315581
kip,3669476
adt,258433
atn,148601
wax,12504882
fum,7227386
wab,1079197
ewr,0
nib,2267163
fma,100340
sni,7979074
iwa,670525
ika,140407
yen,4528314
tdo,0
enq,12487225
olb,0
lsa,466724
kup,532692
ceo,4031135
cuu,0
idw,0
teh,3097288
eyi,128917
eug,12027304
ayt,0
myc,6364707
yso,0
nzi,0
yot,0
owm,0
bew,12393939
htm,5401457
lpl,136531
mao,12313121
opk,0
omr,162843
duo,5471360
jin,5903368
axp,0
uha,0
xal,0
cec,9419172
mop,2474567
iow,11660776
kas,8457575
byl,1547034
omu,0
vak,142504
uvi,0
jah,6084911
bto,0
noa,5890960
psh,168592
geb,1876445
iji,115525
tbr,0
kto,0
vik,5470306
ygo,0
mye,8977325
kia,1346923
ghn,0
kfu,0
ilh,0
izu,139367
paw,7675101
lho,0
huc,1580496
seo,2677359
aub,4731964
xtb,0
kam,8741956
nih,4977522
mug,5314842
ydn,0
lyw,0
vom,11690009
ruf,7728403
zet,899616
uxi,0
hue,8406872
kdo,0
kei,10065894
vex,5524279
osq,0
nyl,2455252
bye,7359849
otb,0
mey,8891827
foi,9462043
wbo,0
tca,715705
lfe,0
nba,775077
yps,195196
unq,10834457
pef,109145
nmi,110066
ehy,0
gig,11299462
xcr,0
ibn,5364601
ahr,729207
kme,0
irn,0
aii,337612
ypr,600186
fse,0
ugi,0
mck,11257039
eux,863762
oap,0
piu,3592146
iae,730036
yho,0
yam,6568925
wls,0
hah,2340500
kbo,0
eue,384984
rdu,0
irv,8073324
myr,9377782
lda,597009
bma,202523
ewc,0
ucu,0
ogm,0
lix,468852
ndt,158880
aue,1219426
moa,7824621
euk,1452855
syd,10980084
cch,1084507
rez,798646
yos,3163999
akd,0
ihi,171901
tgo,0
iap,141781
kem,5164260
sde,121784
lir,2358159
leh,4826765
gsi,122478
nmo,541681
kai,8634452
cgr,103090
ltd,10341421
taw,1990509
yog,7810677
ivy,3307807
pew,3327537
thh,0
lyo,9030060
yru,0
fay,7120271
yat,2876807
cey,4824853
rex,3582710
ugm,0
dsw,0
hqu,0
boe,8757767
klo,1112309
pox,1981725
dsm,1903178
mth,192388
oyo,348576
xen,4199939
hok,1142983
ucy,0
xto,0
pma,344789
bue,7270477
enk,691674
kur,9215027
sri,9926488
lft,0
wsh,0
thq,0
dak,8017018
rmt,0
sos,1172283
feg,0
tof,1697453
nof,152416
xix,6262996
toa,8846004
ikh,128594
nys,2382982
tsb,0
zza,0
uez,0
tsh,1096265
bog,9843592
tfi,257765
cox,7660802
evy,0
kot,1750326
jab,2636518
lpo,0
wok,6015116
aiw,0
ynn,0
uod,0
acs,903895
ctn,0
fow,8886375
hco,166313
tmi,149142
nbr,0
zig,2746550
dug,9918814
neh,5750069
kst,0
awb,0
uvr,0
ptc,468316
utf,0
naf,1820958
rkp,0
ioa,0
ntg,0
yug,9487897
nik,5924616
nzo,0
fog,9809539
ecs,6986520
sbi,103058
jay,8608735
ewb,0
mcd,9734855
rdr,0
ggy,0
bys,1894257
fsp,122881
rsd,140954
edf,231981
afi,2378691
kna,4845669
ssw,141812
yfu,0
afl,4543805
lbs,5761114
hya,3830984
kea,7658095
zzi,0
cyn,9428034
iem,0
biv,2531163
wso,0
xor,270007
upu,0
uay,0
iaz,0
xta,0
sah,8308092
akh,656284
cyp,9386071
weg,1710008
xot,0
obr,1595521
fgh,0
afg,9356740
wfo,0
ygi,0
ctf,108383
hyg,9067632
vos,3021501
llf,0
tcy,0
adg,0
ylu,0
rax,0
ltz,0
sgo,0
zel,1428123
kun,6335842
lky,0
dbe,0
zam,5278557
loe,3602740
tsk,201203
anb,179505
bah,7846074
abh,4340986
bbr,0
aln,554651
wkw,0
jol,7498190
dje,104618
aia,825776
aed,593517
mcl,8905667
ohy,0
dpa,251706
yis,684046
rek,777402
ceu,1609040
zei,8285987
stc,513311
jak,8528469
xab,0
nck,0
yng,0
svi,169176
zim,6103199
dui,469761
sbn,0
moz,6952077
wov,6721118
tya,228298
lol,3201686
ckm,0
acd,281222
oyl,0
bve,0
foa,8318943
yni,0
zop,0
ypa,0
xyl,2059792
dsi,110109
wla,375140
akl,0
ayr,2445061
pei,4523983
cku,0
lal,2879102
igl,803031
dmu,0
wme,0
ewn,0
daz,7506335
nvu,0
hna,0
sik,6470422
tsu,2951902
nsg,0
xel,0
cok,7089772
wnt,140631
kap,8321134
dez,436406
lhe,423300
etb,0
kol,4584897
heq,0
oeb,0
noz,3921385
eym,0
utg,0
asq,1309176
oeu,2105394
ofu,0
tpa,438771
mfu,0
wry,1722110
bne,0
rye,4028632
uxe,0
luf,1726895
rsb,0
muh,8219733
pek,6387550
owb,0
ffm,0
lyd,4306211
yzi,0
fry,7643490
rtc,217482
rgl,0
lye,2040766
ixa,0
ayw,0
ukr,8133696
mae,5287855
rtw,0
ayf,0
gyn,5960282
kwo,510472
ewm,0
ngm,0
wse,0
ija,0
asg,104851
xqu,0
exq,8045753
eul,4414292
kfo,0
yza,0
tno,160234
osb,4026666
stf,0
icc,1472933
rmf,0
ahl,485775
ysm,0
kov,491899
mli,0
ntw,0
wey,1951195
jaz,7363128
tsa,6478501
llb,145582
zli,0
yoc,0
hwi,0
gae,3378879
utn,0
oml,0
uam,0
ubv,0
nud,5669767
ckp,0
rkh,0
iml,132011
ieb,0
ueu,0
zem,1134826
umf,0
hho,0
tge,0
tki,0
irb,532240
roq,483503
hik,5637427
fne,0
dyl,1788522
wun,995785
pno,0
dga,0
erj,0
irf,115744
lup,3141950
imn,0
kpl,0
uva,353106
zzy,0
vae,0
otn,0
oue,828160
hnn,0
hwo,0
asb,3839032
mwe,146779
ysf,0
hry,0
lyg,0
lkl,0
iln,0
ldb,0
ssp,529644
gda,382155
kou,320891
spy,6561930
byz,7422585
kro,3479524
giz,549824
elr,106194
shw,0
ncs,252630
olg,1582789
uea,0
ezu,0
ioe,0
lha,1168987
mif,3721684
oag,0
eyb,0
isq,0
hsi,5896262
yas,839715
ngw,0
zal,302695
bbs,363595
isn,214692
ueo,0
oyf,0
hex,5823140
gdp,7267305
aal,521193
kyl,1753747
chf,459583
xho,422806
inr,2229707
eib,125689
atk,4402926
ypn,0
snu,5980109
nvy,0
kau,6940770
eyl,0
sgi,129122
xle,0
tbe,4355295
ldn,0
yeb,0
lnu,0
yok,6442338
nsd,349190
kef,307620
owy,0
eij,0
yca,0
piv,6238147
eif,708312
wds,100070
apm,150417
laf,5122044
erz,134634
uqu,0
tfa,171459
jut,3970823
iee,6963165
coy,4362824
cya,4993380
oko,113163
khe,876014
ydi,0
mss,6570092
ewd,0
swu,6920155
tzs,0
kev,6449883
ahn,269825
eee,231022
gei,3041275
ckt,0
lyl,1397017
chd,666534
tbu,0
ruz,0
anj,1496427
abc,5895613
kwe,245765
cyr,6551257
evu,0
ymi,0
auv,533470
iur,408035
zsc,0
osw,3224235
pug,3030336
ceb,637891
llp,328799
aup,0
nsb,0
puf,6733579
auk,363789
rck,0
fta,888696
esn,0
syp,6133878
nub,1779501
anp,250619
odh,0
iha,138281
alz,2798883
jee,4288962
wco,0
lbr,0
cst,283759
omw,0
pgr,0
aet,2333102
aec,907548
aiz,0
ibm,6585985
dob,3562872
akt,465304
fsh,1032538
zue,103326
boc,3893589
wba,0
ynx,0
fto,263698
ttg,0
rnh,0
yac,4377223
yol,3415380
awt,162728
elk,4748060
koc,3441418
aol,765687
tnu,0
oah,513651
uia,0
aas,689305
bme,0
mte,0
eaw,0
ddo,0
upb,3428665
odb,358469
woe,6207415
koh,5445214
zoi,0
orq,0
buk,1485389
sps,1173169
ayd,0
eyw,0
owr,0
tyi,3099266
nir,2132747
nhu,156571
hez,1095869
msh,231505
pbo,161251
vog,5790643
byp,6285965
buo,6285764
rnu,0
dse,0
yci,0
zac,3843223
odm,0
gnu,346486
wca,0
kos,5276231
eia,811495
akr,960117
uka,139316
soy,6186671
mfe,0
lya,825005
pae,1737090
beq,6022313
ndc,180772
tym,3188553
ubp,0
bik,5833550
nuu,0
ddu,0
lao,5547720
bcu,0
iko,146661
axw,0
xwe,0
xus,0
sek,478755
uko,0
ysa,0
alh,855096
pex,0
ttu,0
gwa,441722
keg,3191534
pzi,0
yrs,1301231
iks,0
oux,0
gfi,0
chc,126057
uoi,0
zor,2082471
dfi,285353
pyl,3066295
uev,0
kah,3722916
vue,1020539
skr,252457
jag,5725452
gsh,337217
rnw,0
lri,149787
aeg,3054577
naa,2747501
ipz,0
sht,192808
ohm,3690137
adb,655956
ohl,444332
kke,103197
uze,0
atz,0
rnb,0
xpu,0
hwh,0
awo,4088621
laq,758021
llw,0
sql,5120171
pix,5748059
atp,5496460
aan,590081
ntf,305759
biq,0
mcn,5714217
thp,346857
suo,2396928
mci,1964438
dch,0
ifs,659591
zis,0
bho,677435
jup,5674106
wau,1356518
suz,5658091
eeh,0
ysp,0
uja,151930
fio,4678081
rsk,0
iai,549919
waf,4667391
bip,5633369
wbe,0
agd,0
uiz,0
uft,0
aku,169683
muf,5585831
rnf,0
axt,129527
ldf,0
aik,1285101
keo,987340
rkf,0
wki,0
ubg,0
shb,0
yrd,0
inz,0
fbi,5526453
arh,122165
khs,0
rwr,0
yom,894609
msc,896054
jeh,5497278
cuf,3539106
tae,1402089
huf,1438725
wnl,0
lwo,150211
ulv,0
lkn,0
wyn,2702688
lpr,105886
veo,0
ptr,319927
ldm,0
pem,4097352
dke,0
oby,0
oex,0
zol,1973758
yke,0
onh,0
tgr,0
ofl,726559
ozy,0
lii,1927673
vah,0
ozz,196928
zhe,1226202
mow,4844046
iia,471623
ihr,4453261
zum,3537892
udu,0
buz,5326983
rdm,0
rko,323600
upg,5316215
aie,378712
tpl,0
oyn,0
klu,3307844
yah,4484009
ntz,0
dud,5271987
wsl,0
oxa,2213064
ffy,0
fwa,0
oie,101962
tcr,412840
bav,5121382
ovu,4280842
aev,0
zyg,1773989
ahu,392217
pps,615412
riq,0
ruv,0
hiu,120373
osk,744189
hso,0
xod,0
wiz,5166523
lml,0
lbi,272016
lfw,0
baf,4951894
fuz,5134184
rdt,0
uny,1011953
etp,0
fae,2834262
pez,0
mev,2777167
jel,4904358
ihe,3554891
rje,109689
tml,0
ndk,0
tik,921400
iby,0
biu,110072
cah,2763260
uoy,0
dwr,0
weh,1066354
aea,194335
uxt,0
baz,3848756
mca,3837749
thb,492280
scs,1271904
vsk,0
aen,1962465
yof,0
nug,1938670
omt,0
ffn,0
arj,1319790
eml,108009
biz,4527328
lby,0
kse,0
peb,4535105
tao,4740793
wah,2137504
bju,0
ppm,3898078
moe,1683197
gaa,2434246
ssh,370258
lmu,0
goc,125869
hcr,0
ppu,0
rhu,1031877
ngk,0
tsp,1327439
tsy,0
aoh,0
tyn,3016869
osn,0
edt,1308627
rlb,0
otm,0
gob,4590618
puc,2847177
gew,755345
ygr,0
nkt,0
keh,174458
ojo,466011
jub,4360870
dby,0
tzg,0
kre,4359753
vla,4372738
odf,0
jeo,4697416
oax,886729
luv,107687
msy,0
ywr,0
jia,2404940
hek,0
wap,644640
gev,732599
dsp,503121
oku,626036
cni,0
kya,152483
paq,101180
cna,173890
tys,979908
icn,130538
awh,3337660
csi,987899
bti,0
dbu,0
joc,4569065
duf,4129912
zek,458393
cym,1288719
fak,4547359
vef,0
msa,547143
iin,177230
efy,0
ewf,0
mri,2792072
zha,3670114
vee,2565911
dya,2007780
zge,0
aky,0
eja,2383462
aeu,0
ugn,0
gnp,3731903
vaj,656734
ngy,0
ksg,0
moy,4019792
jil,3433507
wst,0
hih,0
bgr,0
sdu,0
wyo,3890465
arz,0
rnl,0
rgs,0
wdi,0
uki,0
piz,4266608
epy,0
mcm,4404939
ckf,0
mnl,0
imf,4044883
pey,1453473
lxx,4384186
rij,347080
zep,1306896
isj,0
viu,0
cuc,4190321
jau,4237457
yun,2559336
nky,0
nss,275492
kok,1163518
etf,116786
oog,290539
ksm,0
zma,0
mla,665988
dik,2230610
shv,0
hvi,0
axy,0
aqi,0
myl,919047
udw,0
eik,0
opf,0
byi,0
ooc,1850411
egh,0
aot,262055
pyt,4263881
ipb,0
iek,0
udr,0
onb,539867
gop,2924407
wsu,0
tvi,0
ehm,0
yak,1834706
nsn,0
xml,4225570
bwe,0
dae,2017725
kta,0
zzo,0
mpy,0
rsl,108993
llt,594183
rdb,145661
ooo,3266110
zoa,0
aji,296608
enp,0
uae,383963
lna,259339
kth,244751
eka,113134
oua,377912
kum,3473774
wke,0
iya,0
pco,408295
odc,113423
gwo,0
aip,256069
hhe,0
bya,0
cao,1627940
ghu,402302
bsy,0
dsa,230005
yly,0
pbu,117761
ioi,258811
ilc,220624
nao,3266422
gao,4014923
bez,1722535
haa,3571740
gko,0
kti,0
ivr,103877
ogh,0
rze,0
ggo,0
gaw,1306997
dbi,0
bif,3975015
gyr,2784907
kwi,0
ldc,1503567
zas,115615
ngb,0
rky,0
oum,0
jux,3958402
gmu,0
eew,0
kpi,0
cud,2304630
cne,152436
shc,153501
ssb,295660
loh,1403967
mrn,3927262
eyd,0
rny,0
xli,3920250
oaf,134942
iez,0
zia,622812
rku,0
kaz,3506524
hui,2690582
amw,0
zip,3426025
yua,3872977
kaw,1432069
amd,714703
unv,3861593
oja,0
mho,109402
yfi,0
stb,138426
ezz,0
oea,0
zeb,2075902
yaw,3838025
zee,1377136
eyr,1848873
zho,2663851
gup,3093721
uji,121335
pao,3803703
dii,1395736
pui,2431493
tde,0
xud,0
ayg,0
acp,659731
mno,223217
xog,0
zag,1404117
yad,855586
bem,2641892
kow,824730
skt,164116
keu,0
yop,0
ufo,1029964
mch,1366731
iao,0
uby,0
wur,3489885
sva,326114
bde,231283
xco,0
nbl,0
uwa,0
oix,0
hmu,0
zak,862796
rbr,0
tsw,236071
awm,0
tfl,0
ldt,0
awd,0
bcl,383321
cyb,3659943
faw,3196073
mef,0
tfe,116133
pke,0
kpo,0
ksp,0
zra,0
iir,204842
sao,3249523
lnd,3625127
elw,929675
nup,1543652
phd,3618610
owf,0
ldu,0
kuw,3605018
oig,110867
jad,3276159
bsp,312033
toz,153200
adp,1187667
okk,0
ehu,170290
lns,1367103
jov,3577087
gms,559960
fod,2838946
uhr,149843
yrn,0
hca,167711
htr,105565
uon,0
pry,3121469
ahw,0
rmn,0
knu,3546777
uos,0
rza,0
dcu,0
nwr,0
ltm,156685
owp,0
wof,299651
vix,542670
hta,0
evr,131077
koo,1993721
otp,0
soj,3507191
dyk,2853504
xet,0
ohr,0
umc,0
xig,0
nyh,0
maf,2481130
hij,2051285
soh,1425944
anm,217922
hpl,1260293
hfi,0
utz,0
azu,1710720
ozi,101655
dsl,450735
rtb,0
iil,815302
dhu,152983
rju,0
ezr,3245963
oei,204018
gso,0
bni,0
acb,184755
amt,1135868
lss,222185
kda,943296
rjo,0
htw,0
dek,1749326
isv,180715
yms,0
lij,144516
fah,2497242
bbc,3374715
ysh,0
eeg,2478639
zeu,3367443
lqu,0
lzh,0
eex,0
lok,1947740
mpk,0
zaa,0
tzi,0
eow,0
sge,0
ysl,0
mez,1113676
zte,0
aoi,114295
ocs,353856
jed,3051236
siq,113817
dgw,0
yfr,0
esw,0
uef,0
azt,3282212
smy,3139781
spp,3281875
zul,2503287
iju,0
bih,3269708
cza,3264055
cbs,2675133
xul,0
kuo,2557697
uza,0
ouf,0
mii,3064253
rfs,106203
cbe,243897
eqs,3237101
geh,1340380
bax,3230330
nhy,0
iis,1152429
oxo,704628
cpu,3222018
rzo,0
rlf,0
abw,240092
doy,2947285
eie,0
ghd,0
rnd,187505
ufm,0
vam,2607386
mde,0
lez,0
oim,0
gby,0
bwa,156805
ivu,0
kpa,797305
owo,0
umv,0
mui,2385635
lyb,127865
tcl,170070
guj,3134228
lnt,1864289
wdo,0
gsb,0
kob,1570553
ckd,0
mep,1374855
rpm,2155492
ieh,0
yba,0
wsi,0
shk,0
sae,1692166
ayu,1442603
orv,963178
maa,2810235
msi,282663
cgi,653018
cns,3076883
hbu,0
urz,0
tyf,0
rkb,0
sst,607561
bek,528884
axl,2945758
khr,3057738
hch,0
btu,995641
jog,2712424
yei,0
cfa,596386
bim,2283087
tva,794892
eub,211912
cph,0
lvo,616464
huy,1047735
abj,3020388
uom,327511
ftn,0
soz,893216
cma,359544
yid,2281420
tht,934729
eui,0
lfg,0
amh,2617706
uxl,0
hux,2976514
eza,0
kca,1399700
pwr,160926
yew,1274713
usd,2216701
evs,0
fij,2955641
kua,2831410
ooz,1925533
pua,0
htt,1959333
apn,1173412
vip,1856305
sez,364307
muz,2507288
jeu,2146206
voo,2268208
fag,2548371
cso,323450
tcp,2917978
pah,1639226
tpe,0
yur,953066
llc,1923638
oyb,0
fda,2909674
zbe,0
kom,2283455
nji,0
lff,0
xeg,0
vus,0
gde,0
mya,1927188
zwi,2324077
sju,0
ikk,282190
oia,0
baj,1849359
uwe,203394
pim,2866400
mhz,2865938
erq,0
wnf,0
oyh,0
mwo,0
goy,840040
nkm,0
ulw,0
ntn,0
zvo,155629
jit,1586523
lsc,165428
iav,0
uib,0
bok,1296003
tpr,146491
tcu,0
kaf,2821402
mav,2358746
ayh,0
wks,202816
mip,498725
ipw,0
ezo,0
hbe,0
idr,332752
hoy,2319500
odp,136784
owc,0
yem,2298352
vaa,248231
avs,0
jig,2766456
msb,224718
xub,0
zod,1428463
kuh,2754062
scy,2623053
jal,1547077
wny,0
atv,162841
egf,643879
tsd,101438
raa,745732
fga,0
kka,0
bhu,2127677
mhe,0
lwi,0
pbr,0
buq,0
dej,2697977
hyn,495967
rfr,0
gmo,118313
rcs,319215
kbu,0
uvo,0
iob,0
dco,0
hnu,0
pcr,2668635
gwi,430866
nru,0
ouq,0
kop,1172916
ksb,0
ogd,1934023
tgu,0
nbi,0
dfr,0
wsk,0
zwe,2035640
gti,0
avr,1296194
vri,936259
bsa,738915
avu,478787
sko,997452
mro,0
fca,1036912
zai,1953639
hsc,187817
itd,0
kba,156053
ufu,0
lsd,1234587
hpu,0
bpo,100492
zze,0
xlv,2587832
udh,0
nyd,0
sny,2585962
stg,127207
paz,1942127
ucs,606921
lsy,0
kod,2329619
sok,1579595
rlt,0
ueg,0
ubh,0
mfi,146091
wya,2435539
gbo,0
gki,0
bae,1818855
acn,1202494
lwe,0
shf,0
auz,0
nby,0
uep,0
ezv,0
wix,0
fuj,2532851
hcl,1392541
pmo,424428
ubn,0
fom,2275419
baa,2355663
zir,1480517
dcl,153300
afn,0
yeo,2506865
std,2113323
ulr,1950423
ubw,0
ndd,0
ufi,0
vew,0
nux,342919
nmr,2480403
usq,542222
iib,1916302
hyc,0
agy,0
uku,0
vra,732399
lkw,0
ylc,0
vum,0
huh,2461239
taa,419618
gwe,1842020
pif,110987
imr,453413
lsb,291920
fii,2329148
kus,733769
csf,2451178
ryc,0
msk,0
lek,184955
ufl,0
rlu,0
ihu,0
nlu,0
fcc,2438378
rii,436119
dsu,162859
mve,0
rmh,0
ldv,0
hby,0
fdi,2314404
esv,0
yhe,0
hke,143854
agp,167034
tzm,0
apk,0
poa,2233666
gya,0
uix,0
vez,469177
pph,0
exy,0
yrr,0
doa,1280956
sjo,472278
igy,148211
dbr,0
rkw,0
olh,0
yga,0
xys,0
hpi,0
hbr,157870
iep,580890
rsm,120906
sog,1173674
eio,0
dgr,0
www,2324227
zap,1956839
uif,0
phn,462656
aat,211510
cii,444745
ybd,0
lld,109647
ipy,0
zhu,1825894
zos,902498
kbe,0
ntp,193117
itb,0
hce,0
gfr,432405
wow,1828674
upc,2144308
wnr,0
gte,215215
wpe,0
eob,212105
jot,2033152
uaw,622279
jaf,2117152
tez,110123
lmm,0
lfs,0
baw,1828950
uya,0
mpm,0
ytt,300194
bop,665813
hde,0
zbu,0
elq,0
kao,2112139
vro,363036
daf,1619673
aaa,2092080
aiu,0
amr,1509412
dta,317025
mib,276814
wot,1355001
uig,118153
wnh,0
iof,0
ilp,345166
noh,404925
dpe,0
caj,2093493
hrs,2053201
dym,0
mof,2197049
urq,454450
ssc,464518
tih,0
otg,0
dlb,2187812
skl,243838
imy,0
jib,987442
wsw,0
lll,1756951
igb,739021
asw,659930
kii,246144
ekk,0
bda,0
dhy,209562
uhn,0
ghp,0
nko,165492
uol,0
cth,271999
mms,460231
hba,102744
aou,139225
ruh,1199224
geg,1731083
meu,1900151
aif,149588
hoh,1719777
ksi,284397
asd,422117
ymu,0
svo,2131542
ckr,0
kub,1653171
akk,612717
ahs,162106
rmc,0
lej,272141
ccp,1828264
ruo,0
qin,1924812
stv,111498
ooe,0
rss,642204
mcp,2108138
vod,1327302
gsl,0
ysc,0
ekh,0
dey,1265373
spn,0
aam,146538
kdr,0
wac,1968860
kio,1485937
amf,182549
ndg,0
iul,0
ldy,0
hdi,158127
sss,1530725
wbu,0
cpa,1590387
oav,0
lkh,0
gfe,0
eae,169883
iud,578460
fst,110060
bpa,158795
hii,518603
hrh,100262
ukh,0
gef,512589
uml,916539
laa,280075
cds,1943110
ewy,0
cps,2039567
ttp,188711
plc,870261
zoe,1103821
aix,1328082
beo,1539543
ijo,0
bsb,0
dyc,824420
dpi,396106
dno,0
fco,161298
kof,421620
ksa,116816
wob,1995104
nye,1625088
mpf,0
atw,1390908
kbi,135693
hsa,234061
fao,1984269
obn,1983938
ehl,241639
haj,1510738
dhr,0
mbn,0
lza,0
dti,274850
eht,0
xop,0
eyc,480628
edc,387019
uyl,0
ugb,0
ueh,0
eln,0
yuk,1765457
pye,1471691
bbu,0
olw,0
pya,285786
ekn,0
prc,1953793
rvy,0
nbc,1949971
gyl,0
apb,379142
ajp,0
isw,0
ybi,0
yuc,1934729
llk,0
ysu,0
oey,0
avl,146265
mwa,202253
htu,0
sdr,583699
pcs,1744423
ydo,0
osg,1025787
epw,230744
ovs,0
piq,1908195
dgk,0
lsu,188581
waz,371094
tda,0
olz,0
foy,1903250
aib,112978
cek,0
zuk,364989
bty,0
cme,948550
rux,0
dka,0
isz,0
pfa,473955
uem,0
kki,0
mlo,0
ulz,0
wsb,0
dvd,1882317
edh,0
inx,0
mcf,1878446
npe,0
khz,1872190
ghf,0
lcr,126743
lbl,115677
trl,0
llr,0
opc,381522
vyi,468785
bce,1157181
ayc,0
koe,1835961
luz,1834117
gfo,0
hrm,541946
pfi,710722
stt,130029
hki,0
llh,0
tyc,1138210
oab,0
msp,190834
rtt,112396
ftc,1379474
uav,0
qur,1816304
ooi,0
cew,0
lfh,0
tbi,819758
ttv,0
ysb,0
zic,120499
aom,135446
eyf,0
vim,672431
rnp,111049
uyt,0
itk,0
akb,1794747
vlo,0
aef,180675
rlw,0
dof,505347
tek,364693
coz,1787464
lmy,0
duv,1598440
waa,1782755
ryg,0
yve,1193929
hdo,0
bna,671699
yod,566809
lpy,0
jem,1506958
lze,0
crc,1443392
uei,0
dte,298431
gdr,1762481
kut,1001527
sds,1655742
yck,0
ygm,0
rsf,440173
itw,0
loz,818414
yeh,1634476
wyc,1752959
tke,508731
nkh,0
sga,193041
bao,916534
caw,985668
yeu,631875
luw,0
ovt,0
hdu,0
wnp,0
cdn,1732484
gps,1731034
lfc,0
uje,0
riy,450663
hfa,0
ruy,417806
fuk,1723248
drs,1396084
kib,1494032
buh,373666
ooh,268157
muk,1561791
fey,983686
oaq,0
tzu,1604253
gza,0
igz,0
rgm,0
rdh,0
khi,744171
spb,108465
iku,0
hsh,0
ceh,0
ttm,0
usg,471417
dcs,669386
yrt,0
uzu,0
npi,0
lfl,0
zid,225946
etm,0
guc,147474
gof,1464023
lnc,1674312
fiz,580646
fka,0
oeo,247657
pax,1671548
eiu,728105
gub,1356285
aju,0
hsu,1663670
quy,0
zom,696845
quh,147670
pwi,0
yus,925316
afy,0
zib,0
twr,0
odk,0
idp,109812
rdc,125089
xav,1637588
szt,0
eyh,0
azl,0
ocq,0
dgs,0
wch,547927
bps,495606
hyo,989441
ngz,0
uov,0
zit,271755
okm,0
ftp,1615821
rdp,152667
cgo,0
kac,356890
chh,0
dbl,0
suk,1214244
kvi,0
jod,1604902
aoc,142841
pyo,1602071
hrl,0
pfe,1336714
ltl,130649
syt,0
ecg,1595031
oji,626117
hgo,0
doh,1590599
tph,0
wdr,0
amc,495649
aon,118093
rpn,0
pbs,1434560
uhl,163375
lxi,1573881
suv,872038
fdo,0
okb,0
bjo,766378
wbr,0
afk,0
ahy,0
gey,1001230
taj,1367313
gip,1460608
mpg,257985
ywe,0
ofr,114036
ryk,116582
bms,173976
kfi,0
css,938698
dns,1551726
cyd,0
wdy,0
oau,651853
mek,870914
jpu,0
obd,697590
eqn,1534419
lox,192131
epf,0
lyu,0
tza,321752
leq,351958
ofm,0
cms,1523446
pci,1121798
wmi,120321
maw,1516489
aop,0
miq,130385
gmi,0
emf,1010045
cgu,0
zun,944738
xif,0
pyg,1387312
zog,115411
wul,622749
ubf,0
nok,460437
kyr,851841
umt,191498
ezh,0
lsp,242678
ufe,239843
lra,345792
ntc,159725
kht,0
cbr,326568
esr,983174
pdf,1484405
yep,676104
lgu,0
epc,494990
hpa,413431
kik,1143843
eoz,0
jih,1475959
tka,0
oeh,0
eii,0
fha,838459
rsn,0
ifr,320873
dij,1466870
tfr,161366
usm,328092
tqu,0
iax,0
mda,334123
fho,218033
nnh,0
gpi,171908
khu,316496
kbr,187084
okh,240411
ygu,0
dyg,0
zuc,1449646
ruk,0
eyt,0
lvd,0
blv,1448201
llg,0
ixp,0
lsw,0
ddt,1442224
poy,330724
khm,1253728
owu,0
mih,1271037
uzb,1436628
ldg,0
onx,0
tyt,201093
beu,1314829
ecz,1432550
sza,535087
afs,309552
asr,323105
yfa,0
pde,277571
ptn,0
cdc,1419582
hmm,1222678
fdr,1417318
ayy,0
aad,505085
zot,0
yap,601876
dbm,1261757
efc,0
pcb,1406297
suh,1404915
iwo,371309
unz,199118
igt,104317
nnt,0
cpi,1399789
veb,1091877
cge,155813
ckv,0
gug,1187150
rmw,0
gny,0
tii,748299
bca,239426
gpa,1391086
ujo,0
msd,251808
mbd,131953
ohu,0
tbs,1385042
dhd,0
haq,464082
lmn,0
irz,0
kfl,0
idb,240028
mco,147350
ghz,1374661
htc,0
cfr,1373998
gpo,858558
mml,0
keb,617063
yry,0
avd,0
vda,0
sbr,171345
rsv,797190
lvu,0
ycy,0
kug,287631
epm,104044
mbh,193988
hrb,0
srs,503119
kwh,713029
jiv,717019
diw,434276
ekd,0
ghg,170097
ngc,495162
gec,345500
pvc,1341109
atq,1340939
kyu,838300
ihy,0
icp,961300
olr,0
clc,474240
bpr,181068
trn,1330462
nhs,1329860
idm,0
vli,161585
sze,1056892
lyh,0
wpa,787007
abt,983736
cdy,0
cev,130309
dpl,0
bcd,565005
auh,0
nii,566728
acg,0
syb,1156127
yfo,0
zco,0
ppp,1302949
psw,0
mgm,1301755
jev,510651
jeb,1068016
msg,847129
psc,367476
bld,1291356
oxb,300386
caa,512596
pwo,0
eaz,0
ehn,0
gbr,0
cuz,1063468
oek,0
hdl,1048103
cln,0
yik,0
yao,1267948
ttf,105097
lsk,0
gbi,0
ksc,0
mfr,148180
kys,0
mpd,217110
rlp,0
gep,122379
wru,1255043
coq,1138491
oxv,0
bhe,107147
iit,261941
tmu,0
nnk,0
lzb,0
kgb,1244191
lmh,0
zus,907417
sdn,164550
rkt,0
rxe,0
erx,0
wyl,1237479
uiu,0
gwy,1235038
byg,1233913
exf,474995
pev,438488
euz,0
sox,1229012
awc,0
nax,276987
wii,776744
gud,1014949
mmm,733571
fsa,399559
uyo,0
gpu,165151
dgl,0
twh,0
kud,632931
cpr,1083063
ziz,199368
kav,1214748
koi,797521
muj,1212627
msf,165465
psb,124373
zpa,0
tzp,0
woh,704259
lxv,1206136
evl,0
otz,0
bhi,1099330
bux,1198952
xbu,0
crs,624552
mcb,1195954
ebv,421515
cde,269591
asn,253258
dsk,0
hga,0
csc,878754
pga,456202
iwi,100150
nij,1185459
ntb,0
pys,0
rrs,107825
rkr,0
zaw,0
lni,0
hfo,0
dfl,172885
cmu,121988
iie,173785
mce,1176406
spd,1173254
tuk,661413
wdl,0
wec,882937
mmt,161724
syk,1167520
rmp,0
obh,0
zhn,0
agt,144596
ahd,232339
fim,1042331
fui,1161965
urw,102273
rnn,0
nlr,1160325
ntd,0
luy,470367
esf,169014
wsy,0
dih,757875
yta,0
zad,335413
lkm,0
iaa,447599
yxi,0
bof,357716
lkt,0
ioz,0
ymy,0
dnu,0
ckc,0
bij,1016775
tzh,0
udn,0
mhc,1135659
gpl,100774
cmo,1129123
dao,1128962
uio,0
shd,155570
kuy,125097
jow,1119049
yvo,1118232
iic,198846
xyt,0
myd,148420
sii,238539
krs,1116443
juk,779397
hup,305428
iwe,0
laj,358947
apd,366977
euw,0
xos,0
rrn,648187
otk,0
jae,1099757
guz,1098918
sqq,1095729
aab,209909
zly,0
mnc,1092246
mox,422564
lwy,0
jax,130172
dlu,0
ovy,0
crt,1083871
ouj,0
wce,0
chk,0
wdu,0
tey,0
psk,332970
yva,107205
cmp,436674
dgu,0
rsw,0
epb,0
tye,239994
yny,0
zah,916261
jat,1069359
euf,0
lyx,0
feo,858746
muy,1062277
cwt,1062123
gsa,288339
avv,0
shs,422377
wex,951704
huk,0
awg,126834
nek,297409
sye,1055226
ouk,0
ccc,1055052
qrs,1054724
cez,1052527
itv,320698
bch,147108
exl,0
uim,0
okc,0
aij,0
jid,0
obw,148375
elz,0
byn,618535
afd,869545
osv,118141
upk,1039396
ywi,0
ebn,251458
lcy,0
iih,0
fhe,524536
gak,186490
cuv,1035931
dok,855405
wgi,0
ohs,159791
dwy,611713
akw,0
yfl,0
fot,787124
pss,402723
uec,0
jej,1022721
fiq,159060
ihn,1020692
taz,186634
mga,439521
eeo,1015930
zeo,1015903
anr,100220
lru,0
vcr,1014069
oik,253085
rfd,0
ygd,0
myg,0
yek,0
mmp,1009425
qae,1008411
ukt,0
mts,815936
wod,622834
kyi,323818
mgr,833358
rzb,0
wsr,0
cnn,1000311
wsg,0
ccd,996909
hyx,0
vox,993102
pca,859642
wdn,0
zeg,0
mvi,0
fjo,988579
tnf,986710
lrb,0
hse,214291
ftr,0
gmb,982022
ayp,0
lsr,415172
veu,669840
yls,0
uey,0
fdc,106006
eko,0
zlo,244664
ekt,0
uzo,0
paj,968074
paa,508229
gta,0
abm,632256
wsm,0
dfe,386994
kye,0
cfc,960826
jra,119856
hsp,280569
kaa,251884
mby,0
yum,829364
ghm,0
egt,131020
dsb,230207
aaf,265127
sgt,951474
faa,949191
mha,128870
fez,771586
cdu,510489
kiv,665744
hlu,0
hye,842471
tsf,0
suj,794961
ynb,0
riw,0
atb,117845
ioh,206032
tzt,0
wsc,370960
umd,0
orz,0
ioo,929092
uzc,0
hlb,0
agw,0
myn,339135
ibt,0
vvy,0
tzb,0
izm,210689
hcp,180638
luh,230372
yul,775984
oyt,0
ciq,0
ltp,297214
ovn,0
tiw,134623
lfd,0
azq,0
zqu,0
ajr,333791
uhe,0
lfp,0
pvt,910201
mki,0
opd,195076
mlu,110912
dph,0
toh,465480
kuk,220125
bmu,0
oob,0
aap,215902
yaq,501738
vle,104552
ksk,0
eeu,122252
vij,897691
qum,894130
umr,0
nps,758581
rfc,892912
mny,0
vek,100093
ncc,374168
ntt,312018
hox,480550
giq,0
wte,0
iau,154066
uah,0
eji,402032
smt,884759
mpn,0
kja,0
hsl,0
dji,460442
thg,117600
aep,117597
ybu,0
emg,880000
kak,385996
yeg,0
lsl,877830
uju,0
ftu,0
frg,875056
ipc,869692
yvi,0
ltw,0
wef,868008
uzm,0
eoa,0
scm,866462
fud,647486
lko,0
ijk,0
edp,434774
ezy,0
gsw,0
ksw,0
fob,857265
lyv,0
rbc,855132
kcl,395787
cmc,736518
iaf,194313
xma,192210
ngg,0
ghr,129358
eih,0
xyz,850358
dms,699435
dss,744720
jna,313530
sej,459953
kog,681661
dki,0
miy,843968
yaz,503124
cbc,842168
ruj,0
aak,0
ktu,0
ktr,0
rlm,0
rkd,0
tij,701466
tvo,219986
gwr,0
yit,603867
tsv,0
meq,829557
azd,0
ewg,0
wga,0
rvu,0
igf,677719
wfl,0
eky,0
cpm,824237
yue,823939
poh,647700
gtz,0
iut,0
eox,0
ceg,0
sdl,550182
ogt,0
mbp,814514
ouz,0
acf,223733
fde,0
fso,0
auq,142559
jha,811484
tve,687860
dze,0
ggp,0
tby,0
ikt,0
bup,466493
mmh,808408
mhg,0
snc,808377
ymc,807142
src,691525
nnd,806527
nrc,805443
bfa,0
wos,118379
vgo,0
ovg,0
ldp,803337
gaf,801130
cse,603850
rrm,0
aui,0
nft,0
oew,0
fov,795555
khy,214956
udp,793770
wys,464522
cda,327911
dgy,0
pls,556206
avg,791080
zae,0
xne,0
okw,168734
sfr,176046
kae,119850
mto,193380
yoi,0
htg,0
upf,185113
xpt,0
rih,0
luj,137901
yya,0
kuz,539883
oao,0
yyi,0
imh,122434
ytr,0
mdr,201567
yii,778691
wop,126483
odt,0
apc,775626
cyh,0
bvr,0
zda,0
iun,0
uxo,108740
qos,772231
igw,0
ltk,0
ypl,0
wnc,0
dll,602302
rlh,0
exx,764505
xxo,0
ifn,764411
yds,381246
yey,0
thk,307830
ihm,757039
vif,132400
kmt,756633
vna,133038
mcr,753186
ziu,0
bcs,289356
zov,0
wfa,0
yov,0
pej,597724
xir,0
uzi,150130
dcr,261518
oib,0
huj,399062
msu,199910
cmv,741250
puy,291306
bfo,0
tzv,0
jik,0
duh,616424
tnc,737052
dhc,736870
izv,736780
fuh,609465
adz,434243
aez,0
cty,136124
rff,0
epn,0
odv,0
iye,576372
pcc,394473
zni,0
duq,730054
cax,729481
ytu,0
ekm,475126
psp,462573
fsu,195605
gbe,0
byw,724863
mll,724749
vpn,722473
kva,311185
ylk,0
ekb,0
snr,721423
byv,600516
cbm,132930
ycr,0
faz,618621
fft,467826
aio,0
dtr,182076
tuy,132335
ngp,0
csa,715667
yhw,715636
gzh,0
vej,0
vax,401796
ncz,0
kif,0
rzl,0
yub,195563
php,710388
boz,608588
prs,300929
syg,0
rdf,367865
tds,267521
wng,0
mtp,223889
gsu,0
kmo,0
itg,0
icd,587907
ugd,0
ndq,0
cct,412389
imc,374310
ogw,0
shg,155101
ulh,0
vay,352677
zhi,694431
bex,346213
etd,0
tlc,692960
gah,0
qba,0
iqb,690386
yev,111381
gtp,690252
jie,294812
nrs,338854
qis,0
hcg,686005
fcs,292157
pms,683696
kry,546788
pcm,682405
tms,454524
pyn,680656
hsv,680459
vyg,679975
umg,100767
cnr,678476
exn,196679
osf,122615
pym,676446
wup,115224
mct,673289
beb,672843
grs,361393
asz,0
ggu,0
uyu,0
koz,669995
zro,0
tzr,0
atg,117436
cdr,668617
owk,0
maq,555384
pof,111509
cba,439171
dbc,0
edk,0
fpe,0
rpc,548142
ftb,0
npv,663612
gox,0
vur,0
gmy,0
hej,169443
vep,111412
spc,660014
ttn,0
crm,659629
zve,108474
gmp,358181
kms,657811
ynu,0
wym,656298
emk,0
tux,505913
atd,105472
dce,335424
oxu,303690
bii,654006
poz,653200
gmt,422830
mgo,650203
hnq,0
jme,0
cmd,648991
xol,0
naj,352000
pcp,646594
qat,646513
tci,181247
vls,645024
icm,491675
ocd,643806
uok,0
ufr,0
xei,0
cfs,640264
bmw,640102
jii,441869
mfl,0
fpa,150917
bjp,638064
wyt,415827
vya,514739
ydg,0
sih,536073
nrh,0
tej,521238
jsp,634453
wwi,633474
ysq,0
yau,150645
axm,0
hko,0
joz,411331
ffh,0
uxa,0
ptf,318412
ytw,0
tiy,0
odz,0
cdm,627913
jfk,627909
snm,443010
apg,404347
oxc,0
huo,308610
gsm,522285
ibw,0
mrp,625779
gcl,0
aag,111717
egb,621516
clr,619977
tyo,0
frc,617192
dux,485577
tce,259800
cvd,616075
rvl,0
ayk,0
ykh,0
rgb,615133
caq,0
kiw,463125
rja,0
akp,0
npc,610717
vaz,506388
scc,609991
ijh,0
jho,0
oaa,110039
jop,608581
cnu,233040
ofn,0
okr,330205
osd,107446
ghy,0
sya,0
idf,500731
wnb,0
jez,601094
aav,119260
uyg,0
ppb,600369
opw,0
suu,599685
jth,599669
lcd,599631
ygy,0
mke,0
udb,0
fsr,157157
pdi,189784
brd,122947
frs,491087
cpp,595337
lno,0
muo,594444
nyp,347366
sgs,121851
dpr,483890
xad,0
eix,0
msm,173993
zva,0
woc,483341
kgs,589032
ijn,0
irh,0
hiq,0
tqm,587878
icb,587820
nzw,0
usz,0
gsp,291699
cpc,587173
jek,587034
cls,414546
spf,238867
vyw,0
uyv,0
xoc,0
lju,374677
nph,123696
heh,299497
nlv,0
smc,404622
ylp,0
mij,0
ycu,0
pwe,0
uik,0
kfe,0
agc,468898
cbd,577798
koy,235555
kjv,412869
gze,0
ipf,0
kpe,0
gii,459687
wss,165248
nhc,0
ikr,0
eok,0
cpl,570798
gdi,181420
lwr,0
rir,138475
fme,0
cpt,566185
ajj,0
nff,0
cft,413431
wik,458836
wlb,0
jof,563999
dlc,291750
mtv,563481
aua,100118
fek,0
syi,0
bcc,562231
efd,0
lkb,0
fgo,0
quu,184549
rkg,0
peq,559044
fsk,123163
lnf,558683
nmp,115521
yay,0
ecm,557635
kui,358441
okf,0
osz,0
qia,555439
tzw,0
hoz,0
hve,0
evd,0
vyn,0
wmo,225512
myx,401985
rmb,296599
sfs,111930
ksl,0
cuy,551039
auj,0
iaw,0
ptm,0
iyo,0
ifc,432180
hci,547771
qad,547401
hwy,546981
rsz,0
crp,422140
idc,226863
dhs,546297
ecj,545447
omc,102387
afp,545211
wnd,0
nuj,0
kmu,0
mre,111536
nzb,0
wlt,124875
hva,412413
hhs,311717
gch,0
zne,0
uzn,0
oxh,0
uzy,0
ukk,0
zug,394448
cyo,0
rcm,406396
ajn,0
rgn,0
dto,0
psl,154483
gnr,530097
udc,529444
grm,528699
udf,300064
pds,527847
hbs,527809
ckj,0
cga,152112
jpe,525916
iue,142199
ghq,320997
yup,523663
myk,0
gok,422739
kuf,124944
uoq,0
rcp,180155
kde,157439
chp,204768
saz,192658
diq,0
azr,102966
gtu,0
aod,279665
otf,110100
hpv,517782
wlo,0
aok,341583
jhe,516224
xyr,0
iak,0
olq,0
bfi,166658
taq,135703
hfe,175596
yoo,514874
bcg,514458
mwi,0
ypu,0
bnt,512034
nyc,511824
ivf,511614
ptt,276951
csp,509502
fcp,509184
oif,112629
geu,0
uun,0
tyb,388566
ysr,0
fms,505682
dyw,0
tgf,504366
zav,206927
mbf,0
cyg,361405
hbv,502925
bls,380523
nzu,0
wfi,0
afm,501342
eyg,0
liw,0
mcq,500346
koa,499606
xhu,0
nmd,499560
tuu,205356
cnc,375931
ylm,0
kbp,498870
rji,0
mcv,497777
afc,332261
koj,494742
kte,0
rsq,0
cbt,493832
pdp,493670
psd,493236
pfc,491622
xsl,491554
snp,490559
ouw,0
npt,489149
mln,306573
ygl,0
csm,488040
aeb,0
mds,487339
ccs,486964
pml,485366
cdi,175899
imk,0
ryz,0
jpn,484274
teq,483756
wsd,265861
smr,482744
pdo,0
icz,0
pni,125548
rzy,0
gyz,0
yrg,0
daq,0
tnt,480407
zoh,480283
hrd,479708
tdi,138736
guf,336194
flp,119867
asf,269313
ozl,0
flg,477708
fep,477703
zez,0
jya,0
ajy,0
mcw,476461
ejb,476255
mcs,475890
grp,230983
ikl,0
jep,472030
amk,0
wpi,0
moj,471441
nkw,0
cvs,471209
ccy,0
lbj,470524
prk,106044
vob,283520
rsr,0
mpc,468840
nfs,468820
xar,0
kfr,0
goz,100284
ysk,0
dtl,0
jcs,462819
ogb,262895
iej,0
pfr,118615
puj,462175
vch,317335
yae,0
xyp,0
xiu,104441
mbb,0
nuk,125712
csr,459357
tls,459278
cbi,458544
qas,458130
icj,457853
duu,0
mtr,130417
emc,343604
mnu,0
tdm,455927
nhl,455467
zca,0
dts,454997
pct,454384
fop,454009
fyo,323424
mfa,453613
wuz,453292
edv,253331
ffd,0
vnt,452490
ecb,452403
emt,303077
vpo,451384
tzl,0
mnd,114440
uks,0
joo,450267
jis,450202
irq,170945
tzo,0
png,449667
zyl,0
vth,207547
yko,0
mtd,447652
ohd,0
cml,446790
vba,444970
gve,0
vds,136458
ssk,0
ynm,0
ytl,0
ibd,245652
pob,442381
tlv,136143
pfl,332972
cbf,330024
zyi,0
biw,439709
chg,0
lpm,121656
mub,438268
umw,306067
gcs,438013
msw,289920
ftm,0
vhd,223041
jaq,437186
xom,0
ufg,0
lpu,0
bvo,435794
zna,128140
zuo,106143
zob,0
pdr,313581
ylt,0
pnp,433368
usr,432807
apw,0
ipk,0
uxb,221987
hyi,0
tss,322569
lng,431276
lvy,0
rzi,0
bsh,0
kyd,242173
fex,0
afb,427126
vov,0
adk,320909
tvs,426316
fef,0
yrc,0
zij,425160
pch,0
hoj,120400
pmu,0
bge,0
bpl,125989
hrt,422276
lcs,257290
kco,0
blm,421217
lcl,227730
jom,420359
pka,420241
gez,420092
kec,296158
asv,171673
ccf,418925
ocn,0
nyx,0
iei,0
mta,299039
fna,122614
lzn,0
oaz,0
hny,0
ecq,0
tky,0
ttk,0
shp,128138
yki,0
wyk,414111
ozn,0
cvi,193746
alj,228393
voe,412931
vhf,412815
fok,412769
bep,258338
jpa,0
nbs,411583
skv,0
mdi,284308
uky,0
drg,409561
jiw,0
crf,408302
vhs,408030
mmc,407934
kue,407918
mej,407867
szl,0
wnu,0
rpy,0
aht,0
vnd,405933
tzk,0
bix,403444
kyw,0
fba,0
nkv,402456
kvd,0
kgu,0
sji,0
asj,0
dtv,0
gyo,226231
oxl,400352
lyf,0
pmm,399751
wem,399361
jks,0
waw,115628
yim,0
iww,397081
bcr,225668
bmd,396957
ppt,396955
iuc,396601
ucn,0
ije,123676
nkc,0
iey,153126
gsg,0
nsj,0
prp,394947
gts,0
cix,394445
tdr,214382
yks,0
bzw,392936
slt,131395
kuc,168052
tcd,388960
mmr,176020
shh,388147
auu,0
paf,265860
hss,172336
hrk,0
hcv,386586
trs,386386
vll,386280
nfp,254091
oiv,0
glc,385629
pyh,0
axs,0
yqu,0
nyq,384882
dtp,384516
pba,0
zwa,383685
ngx,0
gxi,0
wuh,382036
trp,381544
faq,380854
rnk,0
uxh,0
ykn,0
okt,178555
uhf,378330
gfl,0
tgi,0
ttw,0
ozc,0
zko,0
ddm,0
icf,376757
sdp,376646
nzh,0
kss,0
uus,0
xae,0
lja,0
blj,0
gcc,373004
brz,372695
ocp,153119
mlr,245754
dcc,178265
csu,371664
bmp,371250
dft,371095
jli,0
ajl,0
xbr,0
agb,130759
zhd,215411
hyu,369485
prl,369458
cpo,150555
rnc,142388
srh,0
pll,368408
ghk,0
dtd,367989
omk,0
psm,140957
pcf,367022
kaj,106873
dhp,0
ksd,0
psf,366030
epd,0
cpd,363530
msn,363510
ukd,0
fps,363146
thv,0
ygn,0
dps,361058
yow,361005
yaj,360380
fsc,256580
hmg,359185
ihl,0
vse,358660
oxs,0
iig,0
bpd,358023
mrc,357423
cyi,0
cgt,356548
zoy,100508
eyk,0
ykj,0
scf,356227
trh,356071
ywc,355947
vgl,355884
zfe,0
oai,0
ppd,355251
gsr,180475
ovl,0
ksu,0
imt,219191
fml,354106
sfc,353347
ijm,0
wts,0
oio,0
wbc,353140
kiy,137574
cwi,0
zou,352174
bbb,352057
msl,192982
cpe,351783
uij,0
ahh,183465
cuj,350700
yuh,350518
lzm,0
kkh,0
xly,0
xps,349210
wby,0
pmn,348527
khw,219004
upj,346355
pjo,0
pbl,200521
iea,345703
gfp,345235
fgr,0
tdn,0
rdk,0
liy,0
dpp,343728
amz,0
faf,138737
zvi,342907
dsd,0
uox,0
hps,340995
ctv,130026
ebh,0
tjo,0
ntj,0
lgh,0
alq,0
hls,117573
cdf,339855
pkc,338436
ysv,0
jno,337827
csd,223226
ipx,337114
fss,154544
iio,144069
cmn,336661
xyc,0
bph,229359
pfo,0
ryx,0
eeq,0
dbs,335062
vhi,334997
ryu,334995
xcv,334890
dci,334653
pns,214060
weu,333709
skb,0
iqs,333011
rfm,0
dfs,218089
kje,180644
gzi,0
hpo,0
kku,0
zsi,0
vav,228357
omd,216740
skj,0
kjo,0
igc,170302
gpm,329655
ylh,0
yfe,0
cyx,0
cbo,329059
kwr,0
zns,327845
lyk,159801
nld,109208
cve,0
feh,325504
guh,324664
cnt,324324
ewk,0
mls,323969
cfm,323907
fcr,323664
wmd,323612
emd,323517
ozs,192567
brn,323218
yja,0
pyj,322830
mkh,0
hfr,0
tpn,321272
waj,0
tcm,319842
tmp,319715
mfn,319675
cck,319259
vih,319213
ebm,0
yud,215987
mhs,317856
svp,120118
fdm,151930
rsg,0
cdp,316735
xoi,0
kyp,315580
mpp,196139
nkj,164492
bgo,0
ugr,0
sdf,314192
wwf,313986
rfp,313198
xrd,312333
kyn,312035
zev,118242
umh,0
xfa,0
cpb,311466
sbc,309551
nuz,309535
bja,0
ijd,0
fdp,308497
mhd,308251
mdl,308011
pdm,307851
krt,0
cno,185077
jdb,307337
izd,181100
aei,178934
fip,120869
nlm,199632
hiy,0
pcl,306303
rft,0
tfs,0
sbs,305240
czi,0
wut,304889
kgo,0
nkg,0
agf,102012
npd,302608
byd,0
bgp,301418
tmj,300696
hrp,300569
ugw,0
cgm,300139
vaq,299808
fls,299584
uvu,299418
rvn,0
opj,0
pje,0
mrt,150554
ekg,298528
lcc,298391
wlr,298304
cfu,298054
pbx,297442
rvs,163878
psg,118635
zew,0
xun,296370
ajm,296321
snd,295458
cfo,295377
dwt,295377
ihc,295189
ccm,295093
orj,0
utv,0
npn,294040
fiu,293937
clv,0
bpm,293626
nyu,293472
pdc,293408
opg,0
dyb,0
ltn,0
xya,0
rcc,292209
ysw,0
zaf,139906
xou,0
sct,291392
eoh,0
lzi,0
kko,0
tcc,137437
lpg,289852
pmt,289425
ydb,0
yha,0
lck,0
vcs,170613
eyp,0
wfp,163286
hhi,0
wld,141451
slr,287630
jiu,141550
oip,0
apf,126890
zno,285158
uho,0
vop,284955
drc,284899
uyn,0
cwa,284471
vms,284224
hka,0
hdt,283711
lmq,0
ebk,0
bkn,0
ylb,0
iky,0
qcd,282526
hlg,0
pva,282042
huv,0
llv,0
drz,0
zej,0
hyk,280847
udm,0
aau,280740
zef,0
vga,279315
pyw,0
fpr,134392
ukl,0
fmr,278411
cdt,277916
qut,277799
lpw,0
esg,0
iid,168085
ctc,276620
zkr,0
mvp,276116
azh,276095
igd,122746
hlt,175385
wcr,0
tps,275530
yzs,0
zst,0
ofy,0
peh,0
prt,275339
xeu,0
rcq,0
pii,169738
xmo,0
exm,274421
vld,273890
pna,273738
hpr,0
qns,0
fdd,272321
nls,272293
ncn,272240
upm,135642
eua,0
boj,117718
xht,271532
hdy,0
ecf,271168
hha,0
bth,0
fhy,0
aai,145072
tyx,0
trc,269155
eqq,0
scp,268844
scn,268256
uzh,0
bmj,267796
cll,266962
hlm,103278
fmc,266828
drv,266678
yoz,0
toj,266598
vni,0
fln,266257
fsl,266222
sln,0
vss,266038
cgs,265729
plp,265576
aah,104103
jaj,0
dls,145689
dnp,265040
frp,264873
spx,142403
aqs,132812
xey,0
jfe,135298
hbc,263664
mfc,263615
ddc,263195
dlp,124398
gbu,0
ttt,262831
kkn,0
ckk,0
fwh,262022
whm,0
oeg,0
vys,140285
kcr,0
aee,112779
xse,0
pgs,259029
nlf,258559
zif,150525
qld,257878
ltt,257212
clt,257151
zts,256966
qsa,123864
abp,256538
cvp,256200
smp,256199
bgl,0
bhp,255359
tfp,255233
dct,255179
cpg,255163
hsw,0
mgh,254960
zaj,126505
idj,0
lrc,254160
ysd,0
uhi,0
auw,0
fpc,253482
qol,253272
plr,142634
kiu,0
zbi,252077
cfd,251971
bmc,251545
mfs,145274
hbh,0
bhb,0
yxe,0
gji,0
ngj,0
jir,250286
alx,0
etv,0
icq,0
wcc,248198
fap,248029
tll,248019
mhi,0
imd,133557
dsr,247126
dnb,245739
dvt,245706
dnr,245668
caz,0
wna,0
tln,0
spm,244160
gik,0
prd,243865
aqa,243712
qab,0
woj,243328
uau,0
kga,0
pdg,243150
dgf,0
fsm,242482
ufb,0
hcc,242333
xik,0
lpc,241555
voz,241514
ppc,241410
mua,241157
owg,0
lhy,0
dmz,240846
pce,240741
rhs,240699
mtb,240398
tyg,114023
phc,240124
rhw,0
oxw,0
xwo,0
bcp,239871
kpd,239620
gml,0
sgm,239141
poq,0
xym,0
tlu,125066
vbs,237728
igv,0
whu,106079
xmi,0
ajc,121882
trw,235150
mru,0
rtp,235067
gsk,0
dtc,234086
oee,233696
swr,0
oep,0
pvd,233056
opn,0
jpl,232456
zay,232153
fdn,232064
wtp,231784
bua,105396
gng,0
byh,0
pku,230714
dhh,230685
vne,126020
lmb,0
lcm,230393
uhm,0
pld,230280
hcn,229793
cva,229414
tyw,0
cdd,0
wtu,0
ejm,0
mtf,228420
cmm,228217
ctw,0
yai,227003
cgh,0
vud,0
mfg,225811
avp,225417
abk,108258
wum,0
brs,224719
wdm,224064
gmc,223794
dzi,0
prn,223591
ruu,0
siw,100503
pnc,223296
cxi,223238
pgo,0
yaa,223207
vao,0
fdg,222982
ptp,108837
rll,112221
xue,222342
slp,222169
twy,0
yuz,0
oyu,0
fyf,221276
iug,108562
yec,0
nms,220764
mmf,220702
gnl,0
daj,0
hsb,0
bmt,219537
rlv,0
pgp,219497
kby,0
lbm,219146
ftt,0
nrr,0
npp,217640
fpg,217380
crh,217077
sdy,0
mdu,0
eoy,216733
sdh,216330
gbs,216242
tje,0
etj,0
udv,0
goh,215429
ezb,0
zbo,0
jaa,214877
ouy,0
mtc,214605
ncp,214511
sls,214336
gvh,214179
prz,214146
svc,214038
htp,107901
ogf,0
cfp,213621
wdh,0
ofc,213490
twp,213457
lhr,213436
txt,213129
wms,213051
ddd,212927
zsa,0
izs,0
efn,0
rzk,0
mnr,212294
yoa,0
wnm,0
cgl,103481
tgl,0
psr,211486
zgi,0
vcc,211048
xyh,0
aiy,110686
tmv,210895
fgf,210885
zmi,0
nuh,104448
afh,0
fmd,210126
svs,209902
vst,0
qtl,209902
nlp,209893
dmf,209592
hlv,209351
elj,0
ugc,208740
yip,208559
rgv,208198
ixb,0
xby,0
mbt,0
bzh,0
obz,0
pmc,208056
dax,207852
gdu,0
bss,207661
bpe,0
azn,0
idh,0
tft,207123
yic,0
itp,206784
ltc,206520
mlc,206425
dtt,206332
yld,0
ivs,206136
apj,206123
gcm,205830
rpg,205803
szi,205133
wae,205123
mtt,204979
hcf,204730
ivc,204034
mqu,0
puk,203150
oox,0
fbe,0
ffb,0
sdk,202834
dcf,202802
hrc,202559
pbg,202352
bgc,0
jds,0
uaf,0
tji,202015
csl,201784
njy,0
mva,201606
nxe,0
sqr,0
cmt,201345
itj,0
tja,0
jnd,200537
gss,200490
ixf,0
izc,0
rzs,0
ifk,0
fki,0
woy,0
doj,199754
pwm,199720
dcm,199704
tcs,199575
axc,0
lnw,0
mza,0
fua,198561
nmy,0
mvs,198436
rpf,198314
skm,0
oxg,0
xgl,0
tbt,197675
vsn,0
gpr,196770
cfi,196709
aqf,0
waq,196684
vsd,196386
lcp,196064
pge,196024
mtg,195886
lmw,0
hja,195243
svm,195152
scd,194848
ngq,0
gqi,0
bmr,194233
vco,193836
pff,0
ziv,0
rdj,0
gyb,0
kmi,0
viy,0
eey,0
mdc,192389
mlp,192328
dyt,0
wbs,191913
pdu,191844
gmd,191731
ahv,0
wwo,0
oww,0
cmy,191535
ltb,0
srm,191357
bhc,191284
srt,191167
omh,0
tny,0
yns,0
knt,189544
usw,189542
sgb,0
gpc,188912
pck,0
cmr,188440
prf,188394
pvp,187981
ksr,0
rgt,0
clp,186958
rlc,186625
tlt,186501
vma,186471
gnn,0
spq,0
klm,185878
pbc,185622
nrm,185236
hgh,185110
dht,184880
lje,0
spt,184686
oiz,0
kkk,184092
avc,184060
ehs,0
smb,183794
flr,183711
stk,0
tkn,0
rzf,0
uoh,0
xaz,0
ecp,183039
jnr,182989
gbt,0
lgb,182931
omg,182654
pmi,182406
zdi,0
srp,181542
uoa,0
bsd,181135
emr,181131
mbm,0
mqv,0
qvi,0
ssd,180425
nrw,0
slc,180278
nku,0
fko,0
efk,0
dwh,0
cvc,180131
abg,0
xsa,0
zey,0
ndz,0
obc,0
sns,179563
htd,0
dpm,179339
yoh,179255
wtr,0
cpk,179225
axf,0
xfi,0
vrm,178988
dlr,178893
xsw,0
ppg,178157
avm,178069
ksv,0
xra,177773
hmc,177182
bnp,177171
rtd,176896
tyd,176700
bfu,0
obf,176657
pdt,176633
lmc,176566
nhk,176425
ltv,175832
tdc,175766
uut,0
cfe,175009
bpp,174853
dmc,174798
euh,0
lrr,173423
buj,0
ysg,0
jms,173307
khp,0
zre,0
mtx,173107
ctp,172958
sdc,172641
pkk,172635
fwe,0
efw,0
jbl,172549
vfr,172247
tdd,171977
iaj,0
tpd,171951
tzf,0
mks,171805
puh,171422
lfv,0
fve,0
wct,171388
hct,170263
ctd,170255
acz,0
gka,0
izh,0
jeg,169369
bsq,0
lmg,0
cnd,168804
mmw,168755
mwr,0
crl,168717
kpc,168302
kvp,167981
uvb,166831
ihs,166809
giy,0
byb,166061
ybl,0
dbh,166040
ncb,165998
osr,0
ksz,0
tlb,165499
qaz,165459
jif,165458
pdb,165071
rlr,0
ofd,165046
ztl,0
szk,0
fbs,164707
epz,0
npy,164601
qed,164512
thz,164433
rtv,0
amv,0
nmu,0
iij,163785
izy,0
dnc,163212
mfy,0
ppf,163183
pcv,163085
eay,0
aoa,162620
swf,162246
sbp,162230
cwm,161225
kch,0
ukc,0
ulq,0
lfb,0
gsf,0
uop,0
ujj,159836
jja,0
gco,0
tko,0
tsl,0
iqh,0
diy,158945
tbc,158909
wus,158861
mgs,158818
eoq,158646
drm,158559
tkr,0
rzu,0
jko,0
ajk,0
ypd,0
tmd,157702
mtm,157670
tpm,157605
vhe,157486
clb,0
xaf,0
bnf,156985
fll,156680
avf,156487
pyk,156449
hhh,0
ozu,0
fyn,156407
cws,155998
tsr,155745
mdp,155586
srd,0
mvd,155226
dbp,155214
pvs,155040
oxp,0
oht,154377
svd,154018
eiy,0
fof,153822
hdp,153766
fci,153760
soq,0
bds,153722
dln,153554
lrs,153484
xok,0
fpm,153472
qiu,153349
qty,153085
cuk,153037
ucd,152948
xbo,0
gls,152177
bks,152144
tuh,152038
vev,0
xvm,151769
pws,151675
srl,151562
aob,0
yxo,0
jcp,151282
ibp,151132
zik,0
htb,0
nyv,0
lhc,150918
cfl,150758
ibc,150613
tbp,150487
naq,0
gnb,0
mtu,150044
xew,149920
mgd,149795
voj,149495
ojv,0
jvo,0
mka,0
ksy,0
iup,148939
mtn,148876
ryy,0
iaq,0
spg,148678
tng,148614
vdt,148560
lnv,148550
dmd,148463
bwo,0
ehd,0
kxp,0
rkx,0
ahp,148219
uax,0
ivl,0
ltg,0
mvc,147930
esj,0
sja,0
dmt,147769
fuo,147640
oou,147608
dml,147548
prm,147378
rbf,147359
euy,0
xvn,147311
dpc,147096
vdc,147087
flc,147027
prb,146922
htv,146747
pmr,146590
tpp,146466
jps,146227
xtv,146064
vhp,145462
iip,145268
lsf,0
ecn,0
msr,144957
mlt,144930
azc,0
cnv,144774
jvm,144759
nlc,144755
gca,144644
mzi,0
zaz,144575
gbm,144539
ijp,0
jph,0
mti,144140
uxm,143995
ndj,0
iwc,143743
evc,0
tpc,143459
fff,143343
img,143094
mdm,142906
voa,142686
sld,142632
vsa,142563
ddp,142544
pfs,142303
vps,142261
ccb,142214
tct,142141
hze,0
chz,0
bdc,142014
uog,0
srb,141824
vmi,141804
pdl,141762
oyg,0
trt,141659
mlf,141601
swd,0
nsr,0
ttc,141275
jmp,141242
djs,141128
dpt,141090
kym,140738
yml,0
bcm,140426
lgt,0
pcd,140275
hdc,140123
hge,0
yrm,0
clk,139811
cbl,139794
wgl,0
gyu,139624
izn,0
kbs,139544
dzo,0
ppv,139511
opb,0
mld,139288
zru,0
iuk,0
hrr,0
vvi,0
nyn,0
trd,0
rdg,0
gbl,0
cwc,138081
pzt,138008
huz,0
jts,137685
vtr,137680
vwf,137662
cbp,137578
hwn,137376
pmg,0
kpm,137370
tlx,137330
swb,137279
vdd,137222
ioq,0
hax,0
uuc,137073
ucp,0
byu,137066
prg,136957
grt,136689
dsn,136625
mdb,136436
fhr,136433
gce,136427
cmb,135952
ioj,0
cgy,135814
fni,0
uoc,0
dvb,135614
pfp,135490
mux,135364
ivp,135225
sws,135156
jke,0
pfd,135088
plm,134948
dpg,134772
vdi,134726
axu,0
swp,134616
daa,134600
msv,134443
ysy,0
tuz,0
zja,0
tzj,0
ptw,0
cbn,133971
fpl,133860
nuy,133636
uyb,0
qam,133489
snf,133352
azs,0
lmp,133288
wrs,133050
iim,132894
wbi,0
ijr,0
evv,0
vve,0
ijl,0
wih,132542
dmk,132451
iht,132373
nnn,132339
bjt,132339
ksn,0
gwu,0
lgw,0
tcf,132301
whs,132164
ylg,0
lgl,0
eai,132112
jji,0
cjd,131963
hnd,131924
ivt,131890
hcs,131835
vce,131647
ivb,131646
coj,131546
jca,131520
nrl,131328
pvr,131312
dfg,131201
zse,0
pmp,130472
zta,0
izt,0
xip,130428
hpc,130199
dhv,0
fyc,130110
wiu,130054
jty,0
ojt,0
emw,0
jyo,129772
bnc,129765
nhw,0
tfc,129702
xll,129574
kax,0
fws,129416
ujr,0
qig,129409
pwd,129375
lfk,0
fkn,0
dpn,129276
qan,129092
kig,128937
ebc,128816
eaa,128420
byx,0
glp,128376
ajf,0
cbu,0
gnd,128155
ijt,128039
jti,0
bsk,0
oyk,0
ieo,0
kpr,0
aew,0
dhl,127623
zoc,0
crd,127555
juj,127484
zky,0
mrl,127440
pkg,127410
svt,127189
nmc,127160
mdf,127068
frd,126912
tuv,126893
fmv,126851
dfd,126831
wky,0
jrs,126805
ofw,126749
ehc,0
wuc,126406
noj,0
tns,126261
aae,126208
fcm,126163
srr,126101
rkc,0
ogp,125855
lhs,125836
xso,0
vno,0
hfs,125718
baq,0
ekr,0
hsd,125466
vut,0
rrr,125325
oeq,0
bdd,125314
pgm,125286
flt,125208
lct,125196
tnm,125110
uyp,0
nwf,124657
vha,124537
yrw,0
cpf,124457
zub,124441
awu,0
nnp,124152
pdd,124144
jue,0
stq,0
wno,123552
cwh,0
nrt,123393
ymr,0
nrp,123241
tnd,123212
amj,123052
duy,122921
uyc,0
wyg,0
iwy,0
rbn,0
drp,122851
mbc,122638
rjr,122563
acv,0
puv,122477
dcb,122431
rpp,122397
hnt,0
oxx,0
oxt,0
xro,0
exr,0
gyg,121944
yob,0
pbi,121788
gvn,121624
pib,0
nlt,121344
bpi,121310
fbr,121249
trv,0
oju,0
ubz,0
bzo,0
gds,121113
ckx,0
ifp,120953
khb,0
rfg,0
cpn,120783
vbe,120648
ipj,0
pja,0
xup,0
hyv,120486
zbl,120389
ydd,0
dfp,120227
ufc,0
fch,0
etk,0
hfc,120010
sdm,120002
juc,119941
lzo,0
ynh,0
srf,119723
nyg,119679
bmo,0
oxm,0
fct,119600
duj,119583
wta,0
slm,119524
pln,119445
lsm,0
wog,119081
trf,119022
usv,0
brl,118839
woa,118783
csh,0
tlr,118601
gsd,0
dcp,118565
ngv,0
gvi,0
hbl,0
vun,0
jcl,118271
mup,0
hkl,118242
sml,118221
dty,0
lgn,118003
mcu,117974
uob,0
tmt,117750
npm,117634
wtc,117597
svr,117467
twu,0
ddb,0
ctt,117216
rcd,117072
huq,117064
nht,117046
nyr,0
ebp,116891
bki,0
bqu,0
ubq,0
gtr,0
bgi,0
mdd,116575
ncm,0
vuh,116502
yoj,116429
vsp,116344
izr,0
byo,0
nfc,115952
mry,0
aql,115714
jdc,115637
wpb,115594
miw,115499
jro,115499
fhi,0
ofh,115497
qfd,115241
nrv,0
tpi,115048
vpi,115032
ehp,0
mgt,114756
sll,114707
jso,114655
mfp,114540
jdk,114494
vlf,114338
tlp,114337
ziy,114312
bsn,114275
bej,114199
qus,114169
ceq,114141
tld,114126
wml,114081
wia,114057
tmr,114039
udz,0
dzu,0
kek,113987
eku,0
wti,0
icg,113929
npk,113671
pqu,0
mpq,0
phb,113564
czy,0
zyk,0
jcz,0
mmd,113549
jtp,113548
uhv,113327
jci,0
ojc,0
fgm,113194
srn,0
uht,0
dbt,113096
jsc,113087
otd,0
ybc,112789
oiq,0
qca,112650
bfl,0
dsv,0
zut,112549
glm,112466
rcn,112412
xve,112371
gaj,0
pyu,112337
rrc,112331
vdu,112265
faj,112195
kdp,112182
bgb,112168
cvm,112147
zcz,0
szc,112123
fds,112066
miv,111961
vti,111906
gcd,111890
fsi,0
bdn,111791
dnf,0
axn,0
ctb,0
vge,0
evg,0
zto,0
ysz,0
zys,0
krz,111380
ajz,111349
jze,0
esz,0
pnm,111302
vdf,0
tbf,0
pyc,0
mhu,0
rcb,110760
xye,0
pmd,110629
uvs,0
pij,0
ffk,0
dny,0
iux,110308
fnr,110232
rmr,0
ezc,0
llq,0
plt,110014
prr,109945
rbh,0
xyu,0
mwd,109839
ryv,0
wyd,109763
plf,0
tyh,0
ddn,0
fza,0
afz,109432
oxn,109398
xna,0
eoe,0
wci,0
syo,109350
jao,109195
qds,109130
xvt,109130
scb,109046
xhe,109024
ilj,0
ljo,0
ufk,0
fkl,0
tmc,108851
ezf,0
zfa,0
akv,0
mrf,108719
ptb,108652
bpc,108599
gtt,108576
tvp,108487
vpe,0
ezd,0
qqa,0
aqq,0
qar,0
saq,108435
zdo,0
bkh,0
euo,108240
jhs,108208
csg,107931
xyy,107754
tbm,107423
dgo,0
wcs,107198
ipn,0
hcm,106975
dnl,106922
nwp,106921
mlb,106822
dpu,0
woz,106762
jdr,0
dvm,106645
luq,106499
fvc,106499
qid,106423
cye,106342
fsb,106316
hlh,0
rfb,0
fbo,0
cij,0
crb,106088
fnu,0
qtd,105827
cmf,105754
rgd,0
nmf,105652
tgs,105551
gba,0
dfc,105501
yoe,0
mft,105338
aoe,0
duz,0
smd,105300
ppx,0
nnw,105060
cdl,105060
zch,0
tzc,0
kcn,104976
sft,104689
hbt,104549
ipd,104528
qai,104481
rzh,0
qod,104462
csv,104443
avn,104387
qub,104380
gmm,104183
ucb,104159
gyi,104144
frb,104020
jcc,103970
hfl,0
vry,0
hmd,103780
tbl,103745
cyz,103695
vci,103475
yav,103413
kgl,103228
ncf,103148
ypy,0
zri,0
aay,102963
ajs,0
jsh,0
ikm,0
uhu,102704
mrd,102703
nws,102614
ntv,0
tsz,102419
mgb,102409
vte,102354
skn,0
qti,102234
bci,102169
ofg,0
lbp,102130
wpl,0
fsw,0
gfa,0
ooq,0
xhl,0
xxy,101630
nbt,101538
tnp,101390
edx,101324
lfm,0
bnl,101212
xiq,0
aoy,101119
jpr,101095
kph,101069
toq,100973
yuv,100889
iok,0
pbt,100818
mge,0
ihd,100630
joj,100613
svg,100524
evn,0
rmv,0
yiv,0
otv,0
rkv,0
wkn,0
amq,0
iyi,0
xxm,100133
ufs,0
auy,100095
xxl,100009
