the,53132956749
and,24442094579
ing,19057418310
ion,14217686766
tio,61317620
ent,7856896807
ati,15956856
for,6548415340
her,5782710738
ter,4435154826
hat,9321512042
tha,21267740
ere,5355721408
ate,3304456319
his,7443631066
con,65560756
res,1110491540
ver,2622294829
all,3394637728
ons,4491765715
nce,4863057593
men,960403703
ith,5395372281
ted,6534659802
ers,4037623585
pro,26280914
thi,3017049
wit,13249234
are,4439093070
ess,3083434957
not,4532623643
ive,3118563258
was,5506350744
ect,1492495032
rea,243531654
com,17334837
eve,226754186
per,863055325
int,623014847
est,1885509467
sta,33425099
cti,2292572
ica,266918351
ist,856539916
ear,1316067228
ain,1899892440
one,3247897839
our,2343621095
iti,9193282
rat,35282682
nte,43216261
tin,162967751
ine,1670344205
der,1982957627
ome,2384918014
man,1623875693
pre,46737294
rom,3486762161
tra,91012283
whi,280393
ave,3286323734
str,4067580
act,927709442
ill,2372089924
ure,2659048170
ide,1163507839
ove,757706595
cal,2334207150
ble,3012023133
out,2751977441
sti,4970561
tic,1162700295
oun,18146240
enc,732936
ore,2843442081
ant,1804529214
ity,3737947406
fro,6739625
art,1100520454
tur,7366339
par,30101156
red,2994371499
oth,645580555
eri,7708850
hic,116788122
ies,3476521152
ste,115399356
ght,2671822447
ich,3283646698
igh,418867770
und,1335386128
you,2338828981
ort,952426980
era,108892844
wer,783338044
nti,56494958
oul,86338773
nde,27871171
ind,951903909
tho,20344591
hou,52185131
nal,2308982463
but,2795848540
hav,1667941
uld,3186916345
use,1859027470
han,1256582938
hin,416764450
een,2940366639
ces,1813448234
cou,306691
lat,43297933
tor,852388883
ese,1522856152
age,1821966121
ame,1574151110
rin,37032196
anc,7702607
ten,740775105
hen,2502359588
min,65068788
eas,337666989
can,2155624071
lit,40781914
cha,5198661
ous,1769556721
eat,944677861
end,828998748
ssi,5702924
ial,2046675236
les,1639960415
ren,395654633
tiv,511133
nts,2813132379
whe,320143
tat,21402405
abl,361624
dis,15208067
ran,99622089
wor,549587
rou,395147
lin,151503151
had,2621881449
sed,2652719320
ont,178947605
ple,1469037741
ugh,1546255230
inc,15492321
sio,2483959
din,16552210
ral,1940932923
ust,1383892923
tan,104547538
nat,10834609
ins,672029472
ass,533849242
pla,1927408
ven,1306804795
ell,1320407906
she,1395685328
ose,1648070729
ite,1045275963
lly,2511165181
rec,3619231
lan,209609861
ard,1424790119
hey,2475569073
rie,59083087
pos,6265714
eme,173917133
mor,42993586
den,331745287
oug,2251487
tte,78307482
ned,2375652693
rit,170892249
ime,1373963656
sin,108484780
ast,1227441495
any,2058817865
orm,578781115
ndi,10929971
ona,38995825
spe,1139786
ene,175119435
hei,966080
ric,261472359
ice,1513516026
ord,694590076
omp,8501817
nes,753274210
sen,117898957
tim,30300067
tri,7836626
ern,649839728
tes,1607117867
por,19015695
app,13109454
lar,882031053
ntr,570620
eir,2166693640
sho,1130743
son,1248881909
cat,25815995
lle,108950122
ner,600848903
hes,504414652
who,1464601967
mat,29987288
ase,1172392006
kin,102388102
ost,1545091995
ber,1066316465
its,1907663277
nin,22483807
lea,14902147
ina,183806100
mpl,534522
sto,13161420
ari,17595924
pri,2155005
own,1782975583
ali,27895217
ree,950597841
ish,1023185182
des,665942772
ead,921446861
nst,427148342
sit,131384939
ses,1739708347
ans,998164421
has,1637181325
gre,5129725
ong,1330020714
als,882613963
fic,292735962
ual,986748088
ien,41932664
gen,138075806
ser,196637961
unt,456925126
eco,5046424
nta,41940690
ace,1325432438
chi,18266979
fer,288638274
tal,1099037239
low,792911121
ach,949731497
ire,615534492
ang,116592331
sse,34429332
gra,4213595
mon,330581162
ffe,7960205
rac,3746184
sel,73228644
uni,4415257
ake,1137767527
ary,1868262084
wil,894596
led,1633815422
ded,1855309085
som,18180377
owe,25456664
har,14020842
ini,26784436
ope,360428023
nge,619341707
uch,1777633194
rel,37452699
che,81678430
ade,1095438302
att,28933758
cia,36959959
exp,7405467
mer,387054971
lic,539748236
hem,1233328854
ery,1599729856
nsi,3996439
ond,577704863
rti,6037169
duc,3325247
how,836799130
ert,293392657
see,874161008
now,1119664284
imp,8598279
abo,3081777
pec,4942156
cen,1671583
ris,164350294
mar,36577205
ens,317555688
tai,2825431
ely,1737041196
omm,4439115
sur,17318707
hea,13150222
ula,67586466
ult,474604210
ili,5049934
bee,9989825
ork,1049916024
lis,70354760
nit,91719520
ori,17485187
thr,759323
ath,443485264
vel,328644171
tie,32189686
ani,14544418
cul,1177610
hil,10070383
tem,498789438
ria,206286735
tre,130989136
ivi,964022
ves,1221232917
pen,249692487
cre,21441876
oll,67599872
ele,16424276
lon,47252529
war,350304042
equ,205049
tro,33365882
eal,522055663
rep,4384483
eli,15927893
ian,937342355
sid,2517961
ise,746501397
erv,3109060
tru,357487
ile,888522549
que,230267898
him,1191075262
med,869435925
wou,0
fin,20385090
uct,201248804
old,1036512617
ood,1220356225
cor,9317935
new,1228868573
eac,262201
erm,174128416
fac,1212476
bou,1809056
ack,900588030
suc,249258
edi,1875446
nto,1246517589
car,88735944
oli,14300484
nly,1440124041
mil,9751769
eed,741249922
way,972672360
rop,70927539
ita,33849309
eth,137297301
eci,966153
uti,1193672
may,1322089671
ici,4925816
wha,901500
rma,22791569
ara,69025476
qui,20283190
rem,16588992
mbe,3338376
fte,486582
rst,986741276
ved,1345610166
cte,1315509
nds,1237499480
fir,4713864
lie,93571513
met,103766172
ook,797028788
mos,18324558
mes,1080034253
acc,1763989
vin,30188575
gin,171164771
ete,220146715
rge,614704404
oin,59668558
arr,11398057
hol,38628645
ign,445722015
sec,35938147
pon,562038705
esi,2098753
tly,1301160276
emp,6507109
sis,659738721
ied,1271500706
ote,390000371
rth,598111125
mal,355996454
col,31468498
dit,87728196
bli,0
ron,203466049
ges,873877815
shi,12003522
cie,7353565
atu,1808625
ret,106001042
ger,646593734
ref,7670287
olo,14213535
aus,19790139
rch,680267532
lac,5424047
llo,32869774
tle,794364754
tit,6509532
ifi,648439
hos,10249566
bec,10799881
pea,3566744
ece,101157194
lli,14414642
onc,1448025
rce,447725071
ful,702380099
gro,31599696
ors,905523594
las,89545178
rio,45555754
ars,1041196461
ced,980245497
win,72162876
onl,135234
vid,84152193
ngs,1141645017
iou,213760
ory,1197275019
cle,350581125
lec,3208233
itt,22356200
uri,19961139
oss,398643320
rta,19298074
cer,158997274
pol,4162296
nis,36235062
arl,58178334
ext,392431234
hed,1081084533
ppe,8605514
isi,3909006
val,253594096
arg,1302437
rig,6594599
nse,498094205
hor,125146978
iss,113737416
iat,14289888
cri,658397
ela,21067255
esp,4527928
itu,6329153
two,1034821473
nor,342186840
rse,621231736
off,319714203
iff,72777506
tel,68339800
eti,762474
irs,181981168
cur,88076437
aid,1056012135
bet,21318804
rai,5486295
cas,18890510
til,272711078
lso,1039580223
cho,23132378
ean,442952817
oci,4722555
tab,10578667
qua,5615112
ffi,836082
usi,713291
mpo,6398288
dia,193454769
ike,843401439
pat,11058872
ton,627543475
dif,1172589
ues,499868754
mit,176613182
soc,22222376
sha,13701850
kno,112857
rov,3898980
nci,2108548
mus,31207290
ura,33736217
aft,103523985
log,46125115
hro,2093947
inf,1898878
cau,601114
let,339613682
alt,93462086
rre,27850026
ana,107252178
elf,990009112
eng,18336599
ett,58636964
ora,39721955
mis,14296262
reg,8444007
lig,558298
ept,398568266
ail,271087189
urn,316106218
ute,438909890
rod,25316672
ima,21810080
mea,3351055
tar,77794464
ale,422879698
ole,532959971
osi,3061760
ein,160072127
uth,459888188
wel,20199652
cla,2601871
wee,4794102
tia,35645947
emb,114409
day,753948192
asi,11276760
rde,11289476
stu,747670
urs,309872424
fou,308485
ize,359319436
omi,3126200
efo,0
lik,2543997
rev,7018270
ays,992634176
elo,8567523
rad,17931929
dea,149370907
tak,1025163
sup,3574191
sub,33158822
sou,937988
eca,6420056
ema,30381702
odu,0
yea,3916693
ild,338009106
spo,693762
len,113286876
mpa,4331384
dic,42679959
pli,736692
fec,567374
rri,2093899
evi,6644206
ict,215553911
tud,2540759
los,52901281
ctu,448716
lem,248073627
hal,40213379
twe,112265
isc,12334406
roc,17125592
cto,6398773
arc,25321539
sig,2393385
ami,16778307
ked,933518191
jec,0
hap,23571801
pti,305977
bri,1919018
ubl,2382554
sol,9214148
rly,909270834
cit,75274522
adi,4464073
fre,1169118
cts,937872402
air,475719870
row,247238120
ngl,3118114
ude,356538524
sts,924257044
dre,14950246
nic,291290531
dec,5765070
pan,99125252
bil,2156501
lif,2091619
nne,56272660
loo,4380691
amp,97837955
sai,5180153
unc,2554657
xpe,162536
imi,2376768
gai,1055920
ark,298148785
tis,86441648
hel,24110459
vis,47029415
mak,851918
aga,7850487
ibl,898858
ife,766140362
sea,135512966
rob,9245916
too,389156879
get,427973061
eff,6736819
rte,24931427
ppo,3372013
dep,906770
avi,1533688
rne,54676705
rib,6978352
vol,110343203
mad,27559755
giv,146076
die,119840322
rds,822076874
sch,16507151
rol,288896043
ovi,675233
riv,548926
dev,3149283
try,756189136
ode,206549081
gan,268089341
bel,47561075
nda,69955105
lia,85963577
rve,238202929
mic,427057215
etw,0
tua,2303526
erc,1730837
del,202623181
clu,707610
ume,192997696
egi,259873
sam,24580352
mai,3720185
ann,80503883
icu,1043499
ros,17374626
ems,596207963
arm,198938430
emo,6746059
sib,682853
yst,18636718
ega,6534832
scr,845438
olu,274036
ram,220782112
upp,6494319
lve,140673014
bro,4228032
uen,5866619
cam,5035780
rna,19812893
urt,279925861
pin,32834762
ttl,561575
exa,416857
ruc,574322
hig,4931204
eta,21593359
did,709089187
fol,3885012
vic,21353769
mme,43604658
dat,5684343
edu,538884
oce,1907677
cep,273857
rot,14909361
vie,23094931
pas,13549359
org,7521661
ntl,678957
set,395675452
oti,1126930
spi,821163
rso,5032245
ily,744360383
div,3236184
ato,44705842
inv,1004444
bas,5302289
pub,6202837
aut,9050474
oni,8262948
exc,216053
ssu,778503
mod,2457829
rmi,2580929
lue,338238660
opl,0
lor,146930034
eig,1603621
poi,779621
jus,3349982
eop,0
dge,504254133
eet,444014232
err,9152306
mot,3134946
cco,26443101
oma,55983370
nve,0
ono,6375401
fie,2332544
yin,3205116
hip,500655231
rap,27285817
hoo,1895097
ism,582866531
urc,0
dow,105194561
ull,289251636
bra,14626307
lay,326568821
umb,19808566
ncl,628088
ick,312968258
nme,100431
cap,25559845
hom,170462151
ged,679924602
lop,76828864
iet,148065161
ler,357712297
ogr,2272098
efe,2036019
def,1703695
ssa,19585293
var,9003548
num,40533509
cce,666861
nee,26393713
hre,5379633
tea,29112789
leg,24197656
peo,525071
loc,8097656
bot,17252879
ped,577034550
eni,1972689
lai,6895921
put,344082741
amo,4559456
ink,398018850
rdi,4008434
eld,477271539
sic,257790197
rvi,396912
req,476510
bei,6405874
bac,989853
liv,2020709
rni,543108
mem,3199047
mou,446886
epa,5610767
rme,5158669
sul,9655191
bor,140156712
dur,2192233
don,290702028
ool,407814275
sco,42466060
sim,7802234
ppl,8027961
cro,15312884
rts,643904756
add,72777270
emi,19540954
mpe,1779415
fra,7255240
fig,150974633
rke,21433109
esc,1021314
abi,4184986
ano,44599059
uit,155192617
tec,2942653
rim,34000580
ape,186117857
cus,102534420
sum,56878330
ban,84396417
bje,0
ane,202818717
goo,508637
esu,1022194
ock,322824928
tee,159482862
erf,1721766
sal,188311005
dem,22831653
vat,3496907
udi,8348317
muc,0
sys,962711
lla,81191675
nom,4393441
tch,265025829
uce,216829102
sor,147210040
ndo,27878444
tif,5766417
uat,1852351
nch,316152255
ndu,15087648
rsi,2192207
gat,1279629
van,78270677
ppr,175102
mov,933844
ech,101502906
cip,821803
roo,1839983
els,437218724
nec,2975250
bef,290295
clo,406355
orn,211714691
pte,1812555
alu,1066930
eem,135579897
onf,3431299
sci,18746522
igi,1992297
roa,1003777
mag,3029458
lab,13667072
det,5112663
ken,434241981
ila,18378957
orr,3769686
rag,16115306
rus,80462728
oes,590494819
say,351665495
aci,813572
pur,14214635
gar,73076028
nar,21234398
cis,30864802
nam,27495228
ank,276449832
vit,3610599
wat,2156942
pra,16207768
nco,10007916
pow,1056358
fee,50539211
fai,295608
ecu,683110
rog,7245964
far,298089279
tme,120908
lut,2152396
ier,351761539
orl,801763
rty,562732288
owi,306004
dir,4456113
nct,68799665
lev,2365566
plo,2015882
pai,1211129
mun,3618242
gov,831654
ics,579204870
nfo,2202321
san,89799846
sso,9889662
oca,5116106
eep,362502651
tom,138139032
law,347379727
urr,5004423
lth,238624740
nth,237852250
oup,307911622
ibe,82882269
pit,21890511
epe,1820665
mas,141767769
inu,567415
vio,1604751
nan,22469787
lls,552391379
net,161339937
obl,133077
wri,162540
lud,1015720
aff,84102318
apt,25437622
phi,5501105
ccu,380122
fri,1068771
epr,1668667
rms,553012059
iew,373524984
iva,13223095
sma,23840124
dar,30336662
alo,17157313
occ,382959
xam,4976563
lim,26215198
upo,613364
ede,21312470
spa,2267703
dom,245292066
efi,215533
rga,1508255
cel,20349205
gni,2579744
tut,4073244
iza,4559223
sla,1594221
dra,16523339
uir,2759783
hus,368602182
sat,62815459
oke,181160644
ena,67341289
mig,681009
fun,20053927
rld,508743946
orc,321371
sev,272014
nev,2474027
lus,117808465
arn,107670966
mse,502126
uar,2208079
ero,85036640
dan,44594622
pul,245347
eak,231331671
tti,9863969
zed,529598453
adv,2105929
opp,1519571
ows,496128572
pac,3817055
eno,5997888
erg,45397908
tow,8640138
ung,345544737
mpt,119617149
phy,186675335
wev,0
bit,136428533
exi,225635
pic,64549703
siv,140400
mmu,1376956
ncr,367291
ysi,118473
liz,2698410
boo,8309860
aki,5678365
nea,19173985
ker,244226672
ogi,857307
cin,9268648
ior,370860846
rab,33162352
vil,166973011
rro,6157015
wed,438409989
tag,11294127
fil,6235568
ask,188726191
fam,1270672
bea,925020
bar,67413015
bly,496721788
cke,10677060
sca,4037698
uss,56398426
hum,6971053
iso,8542185
gic,128458546
wom,136213
bre,20785885
aso,4942267
eav,167994
nsu,943882
thu,605481
mmi,328248
iev,2666330
ibi,3386006
pir,2017633
onv,384790
ata,289607016
niz,2119765
mmo,592415
eel,222826080
zat,134770
epo,678612
bes,104086841
awa,12787504
gle,303532447
gio,6840027
bur,3998361
wan,25204247
cli,477233
mul,720454
wis,25989372
ncy,459377620
oft,66404305
beg,9605797
nou,315763
chr,2924456
ngu,120109
rar,6492263
oor,318476215
wal,26719508
ule,201946475
flo,906008
ash,135590133
bse,374676
bod,1149131
hit,39641075
dua,2370521
rid,56030702
lti,14006919
igu,0
tac,757348
nio,13728736
rnm,0
typ,264896
agr,1690877
ets,447357186
cra,2788487
cov,272137
inn,22626886
iel,44582500
uil,4834692
ota,30689320
bus,41931221
cid,92316569
mpr,214049
uma,16930054
ims,120314144
aph,81499709
non,225382273
bed,344230317
nia,219469233
doe,4900940
nni,7103166
ety,424926507
ntu,2189347
het,27300326
asu,1095901
ket,246205925
ibu,461655
rpo,608286
ala,25510405
god,368840055
xte,1025247
iri,2642169
hur,39178573
eor,1945227
obs,44013117
rtu,807167
apa,10720197
ngt,546729
oad,262379440
cei,389287
cut,122171696
rip,56733465
pet,25046133
niv,9786860
eva,18715652
aro,8332672
aug,3250717
gur,1082719
phe,9071128
hri,11089745
ras,42112656
egr,154630
olv,0
lum,54799600
pme,114194
gue,196919148
ply,370845668
gla,479095
bla,1555437
nif,277160
erl,3391722
sia,163044935
bin,43893753
eit,24253656
sua,2052206
wen,15318607
loy,28573609
oge,1980301
hie,12637711
ody,384474224
sar,21761915
eek,223282640
hir,3217752
lde,7722960
scu,468763
bal,84800275
ogy,400423131
dee,6868228
dle,230218853
rei,3347305
ubs,24481272
fat,37177742
gui,1171428
hop,105014193
rof,1929680
ben,28269882
ngi,5370805
efu,0
ipl,350639
ady,388543874
wes,12922096
opi,2012419
top,183421081
nfl,1057319
ief,286886981
opo,1616732
ott,55736224
fur,21799260
ype,218960005
xce,0
gua,8182965
rra,17963644
pho,1388706
adm,791899
pha,12294599
uff,36395616
vem,104573
ril,97540050
edg,173595
api,2391332
lov,2712292
aly,56778452
dly,383625855
eur,47799262
lou,4021913
eam,226647042
ito,14014974
isa,18892130
eiv,0
wea,350683
xpl,171520
kes,335509048
lib,6665213
etr,486611
alm,59840756
ola,27307421
sce,4198245
mma,34384947
chu,3979016
imm,1758213
dmi,132340
flu,1692473
isp,6044377
vir,1978739
alk,148315190
gge,883234
ift,120792349
ege,151798687
blo,6341933
ait,96772262
ney,336369626
ldi,2507516
sue,175188239
owl,25349338
urp,919607
pot,58809470
elp,200599559
beh,107557
ury,359248591
ltu,0
fle,17885432
nag,1555627
swe,143079
rva,5565691
ava,20739489
hon,26266648
hod,161039588
dri,396063
cos,8683090
heo,1711759
oom,271149864
irc,2587561
exe,1189724
ugg,237937
ctr,650997
nvi,0
xis,39195547
pop,9718947
oph,872953
odi,1677367
idu,560853
aye,6570786
elv,234816
sus,153681610
sil,14876272
ods,342043848
oon,290567038
fea,400984
eso,2691379
evo,2062562
une,194284822
ldr,122006
lte,2879454
fit,163591989
avo,3448886
ees,323679571
onn,4628232
ucc,1033016
ham,105781258
tol,22936733
dde,496277
ama,72250346
bat,23764855
fes,3423327
lwa,584701
few,322367486
fel,2114897
tta,26900767
irt,31222608
uca,2445969
oot,134801148
sep,2647418
opm,222950
ium,301286588
owa,12971514
nie,33618508
rul,1137798
ecr,930640
uis,61355671
nen,15395266
bui,1041239
oba,4196529
erp,4007650
iod,242429378
eft,321091164
mac,12479453
lot,134722737
pal,119968978
iol,29214126
eer,165541864
sly,330758558
abs,22538314
rav,1062578
yed,330014141
cir,9226044
oub,0
gul,1223135
ubj,324194
yor,23607800
iga,3194685
etu,106468
yer,203968677
cil,129508275
dus,20075358
lef,656779
eye,83706482
ddi,1182214
sir,125490822
usl,0
hun,5371422
nue,133154635
hte,5940176
cif,368483
agi,3047490
hys,20496193
foo,588875
rli,258457
dou,727319
bst,2653506
pie,10573416
raw,100257520
obj,1162747
isl,262554
aps,253892511
cks,271605847
cum,13518647
chn,288241
mid,62754475
idi,3813334
tex,19479431
tog,336072
fal,1170495
osp,942944
bab,988110
yth,19992288
joh,456313
ews,242451166
gli,4526638
geo,3885952
nty,306577925
acr,350948
teg,152536
iqu,0
gne,19656748
nig,1970368
run,114417603
rry,254765934
uro,8161317
yes,285096941
orp,2491328
dro,11107189
ray,154988529
ohn,243286089
hot,107407572
yet,298212668
gal,150218578
ado,27571251
cio,19068278
jud,459270
got,177245313
obe,40533728
tun,1955626
ipa,904536
rks,268113441
sem,3150501
omb,35183281
hts,299317032
cop,3616836
nfe,0
doc,7736038
pap,2285147
lio,22422374
anu,3017835
aim,114468474
elt,203291431
oil,202056648
rcu,0
ths,265168000
eds,291093488
opu,179668
fen,4341506
ida,38370094
ndr,726542
iro,15828796
amb,11217777
tir,12120993
iam,128193800
ais,20287126
alw,0
nel,153420159
urg,61343805
kne,118049
egu,421446
dam,53978424
atc,616172
fla,488709
nim,3784875
ski,10819454
nex,4181030
oye,902602
gem,4097965
seq,7680947
ils,229069424
voi,710476
nfi,0
rsh,18368145
rew,168149317
oto,31056975
llu,119198
ira,16579837
atr,2544144
usa,28818287
icl,312962
bon,57573143
usu,283092
xpr,180765
tot,2528885
maj,1371813
irm,86106324
ino,47427789
ols,249739462
sug,274517
pes,227508117
udy,260128996
gri,1304990
ued,275172313
hai,16120092
rpr,167512
iab,0
lam,26675149
ske,1909350
nab,834244
mbi,739285
ada,80228990
wle,427227
gis,7005623
ghe,383861
ird,210627009
lad,48640002
smi,327490
suf,1070384
ley,251495532
rci,406695
kee,12736370
lex,112818930
gth,209455619
mel,17342410
ams,234176254
rgi,524527
lys,1231104
spr,368350
boa,1732589
uts,93845323
lts,266747319
alf,228333645
pay,112733981
oic,18539192
ump,50015394
rue,222398457
tas,15970897
ipt,52752227
arb,5313405
lmo,1547754
nvo,0
yon,19759773
jor,169421035
rfo,100953
opt,22922758
yme,24025774
udg,379800
xtr,0
imu,109716
bov,355335
hee,35468403
dva,102801
ilt,130834375
utt,7319000
ige,19398704
nsp,357826
ocu,136424
nso,5634011
neg,766428
upe,5743720
ago,143790142
lse,177627190
oac,0
eha,616712
dul,2669054
urv,908047
rum,88600713
kil,325482
uns,69818129
omo,12721877
tig,1266440
sli,177211
ajo,3602013
wid,879913
oct,4215946
epl,100225
ips,225786267
una,23606571
eck,130495704
ctl,386664
lid,95824825
nsh,0
vai,513841
coo,842651
sag,1474464
coa,5568931
mbl,100637
thy,200271573
sym,436385
rif,2219811
epi,742646
goi,189529
mee,2265959
nua,843489
lau,3219683
ror,155846362
cee,1684887
riz,820175
uid,81470817
gly,216562314
erh,396914
tse,2524684
ngr,829077
ndl,0
aul,92739214
eau,67572437
oar,12346979
fus,3407014
tou,1680118
cem,859292
enn,12906910
amm,2074324
ogn,0
iar,88688436
mpu,124679
why,230806163
gna,7716275
cta,11766231
utu,1047790
nov,7537861
six,144944069
alr,414555
ush,90147058
iag,174489
woo,1523836
cog,873600
ibr,325313
pag,718494
rfa,275522
tep,96623870
nsc,917797
rha,105748
gon,47722573
ilo,7357709
agn,1059898
pee,2873542
poo,1588154
zin,1534394
lee,47641802
bol,26584156
alc,1473964
nol,18242792
kel,12830774
rmo,3074580
umm,644613
ads,193556358
rki,446106
psy,16384150
hni,0
siz,963591
uck,104262205
rns,206235015
glo,16486940
lag,31736731
ppi,18171178
tto,28280118
oid,137503247
ego,27447982
toc,456545
ecl,354013
pel,64000824
sac,5418366
acy,214273740
lip,62295876
idd,1006823
oat,106271361
uag,0
ffo,0
efl,548045
ups,183040711
fiv,0
ats,187220591
cru,288231
atm,3093288
tax,114198027
nut,20290247
fli,0
sun,86229129
env,539076
ify,150926134
oxi,207285
asp,20505466
nei,1825358
gor,13857023
uto,13308612
icy,197534538
nki,2437219
ych,1189930
tne,3594854
pil,16754522
stl,230697
ipp,1638616
joi,0
jou,1714891
irl,78474597
fas,2141630
ofe,955624
syc,0
sle,15025790
pou,211262
nsw,1258721
ony,173576183
oks,197479853
mom,12330655
slo,2518774
loa,1069616
sty,85109149
ubt,87535361
oro,8613085
enu,18021090
oly,91214204
nks,197812011
ois,57625294
spl,435747
rgu,128557
ebr,338550
bul,4652443
rer,114384935
due,181452125
rut,5309539
ops,180359180
adu,2005865
nsa,2359283
apo,3194146
poe,3834859
rba,2085740
mph,25873004
rug,55562695
jun,3568738
lre,0
sui,2759050
oso,2880706
inl,153431
uin,27752230
fed,45577172
rsa,8048393
rle,6009796
nsf,970427
deg,2091514
obt,270380
fis,1078555
dio,67199071
lds,181222971
wro,0
squ,0
rfe,243751
rwa,180317
gel,42375514
bta,675481
rtm,0
erw,0
soo,745730
hme,545231
cup,29648104
uan,23424459
gme,0
hab,2213835
urf,6590836
itl,211908
sop,2404388
tus,174896249
oop,32735184
bio,3927029
sex,74440028
ayi,0
vor,56798680
nga,6685367
roj,220256
cad,10000412
roy,50012156
nem,4443580
afr,513302
neu,698774
lty,183850932
wei,3584139
ids,147235680
oje,0
onm,0
dor,56611535
ddl,205397
eph,45512568
wai,1106770
rgy,171660406
oms,169012008
uli,16962924
civ,2025190
mbr,147999
urb,12594639
saw,170664574
cca,12470807
bir,1508873
aud,25123119
cot,7390103
eou,165562
abe,9978545
ryi,0
eon,66173635
xim,4346658
unl,0
hly,176417896
irr,847674
esh,96863243
ots,156979288
sav,524584
doo,2678470
lun,895825
fut,986725
pta,5773954
nno,3752136
ewi,0
ova,12826098
ewe,1877771
vot,2889642
xpo,439971
wne,7563057
epu,108914
oda,13979073
asc,1825457
bru,157497
raf,2991328
nef,403905
mpi,1480182
oki,811118
unn,5665953
pid,68682054
ocr,659781
ymp,1711170
erb,29819075
dol,4693874
key,124817260
deb,954355
obi,3887384
boy,83186340
mol,10569980
stm,2081706
fav,0
nqu,0
ehi,141153
axi,4731312
fan,12237830
idg,174233
nos,23981663
eol,4665099
opr,0
via,58577082
cki,1178353
bso,0
agg,3095528
dim,9442411
nna,68434154
itc,971801
jur,588699
enl,616910
inh,3239126
mir,14177074
uci,455010
ttr,201224
reb,2273263
gno,1149834
lta,17753239
dig,7126082
vou,1072149
rui,340252
gol,3891991
wth,151488286
gav,0
uta,2192297
isf,0
isk,112453757
iii,157060859
udd,3055908
lav,5417039
lua,124560
cab,6399515
vas,13827189
niq,0
rno,7998040
mys,121341
ico,69150475
dut,250821
sph,125655
ums,44322340
reh,171001
oya,2634424
owt,0
bey,23436006
cqu,0
xer,4639109
edo,12352567
nad,2309842
reo,2854201
hib,1743813
oal,89782546
ptu,1016139
big,100034374
tum,57244711
yle,105799050
rup,4780297
ppa,5411325
gir,903040
oos,6568282
xed,149494862
gus,21927992
acq,177255
ghl,0
usc,1107732
aca,7885246
won,37058250
uic,158081
syn,1770266
tip,19710918
gas,79276414
cea,4149053
luc,1161785
omy,137457059
agu,1925816
ckl,0
urd,14602885
sie,26597681
rbi,488136
uly,144464064
jam,3867121
mbo,7323492
gto,120707
afe,52578276
uel,89609522
aws,134064698
tam,5463619
rsu,0
shm,0
ofi,502413
dne,744155
joy,67714463
wif,101445
dru,300713
nus,68278821
enr,0
moo,574694
zen,63503582
eto,17915636
sme,2257346
upt,26012389
rbo,2382370
nha,1790590
uty,139160547
oet,41157421
rfu,581150
pto,2349230
nke,2019773
jes,457827
tod,1183593
viv,2172902
acu,131920
jac,393371
eho,0
gam,2324494
plu,109137
dal,59770891
nju,0
yal,85528125
aig,6828264
eag,0
uls,26466865
mew,2812415
dil,933017
rok,752739
lur,2491572
fif,171747
nli,0
asa,14780533
jan,15940758
job,100179458
fem,557827
neo,10207371
iec,499843
vey,81123976
saf,1056399
swi,131175
ixe,597787
ugu,961308
mec,544244
pts,133090987
yse,5817268
tsi,835183
hec,341884
eec,3330504
eut,7386985
bid,80958595
moc,261582
jew,10938086
hno,1377986
edl,253374
lyi,294198
jap,1146079
ewa,1392366
pau,480552
nac,5145067
mba,4677879
ifo,1266011
aba,7478014
nas,28879847
orw,0
adj,1636055
gag,1371179
upi,456018
bad,91378794
tyl,2789114
xec,962244
cod,4749192
nfa,244115
hyp,151971
itr,526905
nyt,596285
tiz,1033400
ewh,0
zon,21581503
uou,0
ouc,213495
rmy,127245987
ald,67361698
jul,1828368
inj,219682
ixt,2613144
smo,1664655
blu,135971
ius,123604119
sof,257233
asy,104411388
mst,346224
arv,933811
ddr,870867
eyo,0
fix,21118401
azi,11806121
gho,0
nle,455771
mur,9458420
ehe,420166
mum,116073536
imo,8939554
max,24323215
umi,1211120
dve,0
och,30825501
erd,17116953
xic,14624612
dav,712100
awn,104183940
arp,45059891
quo,7533633
rda,2912526
ias,46566884
bia,53717339
igr,0
hoi,1629768
git,7584630
tay,60373297
sov,1165627
utr,1234573
osa,20256336
rto,37205526
dai,2420496
orb,8482666
eap,30105191
dop,180866
tei,593357
rpe,4722949
oud,68383134
unk,43905538
abu,5997569
doi,778259
gie,20014835
bis,16962573
sfu,0
wav,532716
tob,149192
fid,1238505
twi,149596
ael,91719980
rox,2576495
diu,380714
tib,311511
abr,603462
ilm,64583752
exh,347537
hyd,0
lcu,0
sne,2185348
gum,6917615
gun,64999250
mix,17385901
unf,109728
hia,46930502
etc,6670700
kly,107637567
exu,0
izi,395806
tev,273308
usp,1407323
nnu,1170944
sad,23012656
foc,106948
rla,2152491
rtl,191947
ffa,2116935
kep,155136
ube,46125592
nfu,0
oas,2756893
xcl,123103
ryt,0
tap,7481486
eps,95274299
xpa,0
pis,3748737
enj,254211
eks,108572946
lob,1494852
opy,68715258
nur,3171308
hio,28349424
pun,6070166
oym,0
lvi,1335964
wag,1042956
ilu,0
mut,3343589
ssf,102416
lph,20760469
voc,2900340
nsl,794706
utl,252797
dvi,100017
uer,27354677
scl,600242
rej,107503
ipe,44317539
sfe,123119
nob,3359314
lco,1257119
imb,19727961
tub,5795615
aun,3041057
upl,0
ckn,0
cry,27736032
nav,404528
fet,3423293
ydr,0
apr,2921913
ebe,4863633
utc,279532
tue,48100108
ycl,0
abb,1870752
atl,4922122
fly,78103748
bun,1951231
nuf,120230
cyc,184148
box,78593879
egy,49516099
avy,102791933
xch,292138
pus,38964666
ifu,0
oys,97453484
mps,55734507
ufa,703486
osc,647360
xes,102405115
sud,1071925
riu,0
olt,30589959
emy,100353798
uge,61139213
icr,471744
lap,24529790
isr,477524
ggl,0
dwa,0
alv,0
goa,1702143
xac,0
njo,1242713
sab,338352
bud,5655820
rwi,0
lke,1956403
rdl,0
lto,4614141
oan,44095749
iot,29445366
lak,2317308
eba,2559859
nva,380953
soi,882702
pse,46114038
upr,0
sef,3172192
sap,4250284
umn,60197945
rmu,0
pok,131843
taf,524301
tla,255501
roi,2828893
opa,3387817
yna,375222
xua,0
eum,68389378
gia,30707724
rco,4079263
bbe,4810103
lom,2941614
sba,483180
lne,1465953
nuc,198712
eru,9539859
ucl,1648370
rbe,1237516
bos,2562983
aco,4311753
oof,74587171
wic,239932
ypi,211633
rgo,27804838
fru,166873
dau,2240597
aym,0
umo,339524
obv,176096
zer,29536074
noc,233676
sfo,0
sif,880639
bvi,0
lki,0
mie,9494237
hbo,320738
asm,36612472
tli,728751
rik,3882835
vea,751975
htl,0
rud,480288
aur,3511224
idl,419222
odo,4609492
nap,8460374
ghb,0
nry,90820133
noi,2651152
nui,1004782
bow,28628242
shr,267689
lel,46074814
twa,1366582
chm,475956
leo,13740226
kle,29848346
lei,11540890
rey,68647792
isu,114578
hra,6693793
pab,114569
hau,2455691
cav,348711
usb,647175
phr,136559
dry,70442894
dgm,0
wns,59325620
dju,0
gns,87601347
ssm,205871
owd,27558508
ypo,752149
oco,4291722
dog,41472150
uot,1267588
coh,110517
tty,84707510
lub,40060598
bib,1297948
odd,23895510
liq,189709
ulf,20280156
iog,666407
ymb,0
uga,1891737
uip,2138079
tau,1605169
yri,765988
yee,33495479
rtn,0
swa,316600
nca,7347467
buy,43002803
adl,537357
rtr,0
ilk,60231901
meo,4782203
hid,9315560
vii,43520088
isd,178011
rah,26996610
sks,81617329
vag,0
dyn,222378
hae,1663688
goe,639938
yan,27428266
uee,605085
nai,5184096
jos,2029414
eys,76243736
cci,5274900
ryo,7196495
gaz,697312
map,40552900
ppy,80039704
alb,1643781
omf,0
coi,398509
wly,79415803
mfo,0
eda,10307431
xci,154683
thw,0
egg,20859898
dex,61216286
fau,0
thl,312117
aze,29083792
rcl,0
mob,7492986
rae,7400889
vac,1065391
rub,10484921
ipi,629480
lep,339482
yel,109753
acl,2939166
sfa,154850
deo,23939938
itn,344650
lme,1730776
ipm,344291
nfr,0
utp,222513
rlo,4543974
mex,1290363
rau,2727637
tfu,0
inq,677205
eis,4838368
eab,0
osu,171913
yar,1983229
deq,0
zes,74439917
thm,29212384
sas,27488395
dos,14548100
lva,5087889
rho,730772
tmo,0
uie,1088087
spu,102213
mia,39554048
hoc,6951949
upa,1925063
ebt,39154312
eaf,31907764
nsm,0
sei,2667778
uke,58018526
coc,189967
usn,370136
hif,0
nhe,0
ulo,4713883
nny,70134429
dap,1040134
sth,1250294
gil,8892388
axe,5323488
rru,0
oui,587169
ndm,0
adr,1139180
fyi,0
rua,836846
auc,269494
kis,1639974
nod,8562883
edy,71768429
jer,1645775
ubm,0
sew,2108543
ivo,6640112
yie,0
leb,2140351
tos,19562159
ewo,0
ogu,0
web,39108409
edd,936805
hle,204661
hwa,928626
izo,981749
ulu,6423968
seu,1116565
sms,70836958
hak,1144748
amu,625791
cow,34998522
ggr,0
tid,6907156
ubb,727209
hoe,12749963
igg,2717052
enh,453802
hug,3113630
oem,36333211
feb,3006031
rls,66506852
rdo,11991860
eje,0
xhi,0
igo,7930557
rys,543217
dli,0
ios,33277979
nre,8350686
irg,145950
xtu,0
awi,1420290
niu,185593
gos,12798122
tpu,0
alp,4060411
rsp,127233
alg,416858
chl,489100
rpl,0
ido,8223428
unr,126107
nla,106853
lym,809119
cag,182451
fib,301318
cet,10625902
ffs,41252168
hti,154672
swo,0
ypt,33175020
sky,61714366
unp,148657
ngd,0
obb,3142528
ulp,7239405
bay,49202313
esa,10024613
oga,9052123
gdo,0
aha,5900690
loi,1741231
urk,4029631
sau,4000137
shu,2883085
fts,58586657
dso,182649
sra,1314559
hut,33001932
emn,17037795
lfi,305215
kan,7886755
vig,368695
leu,1096522
cui,1282278
npu,0
gea,290081
enz,3375805
gim,0
lui,4063416
ynt,295678
gha,1055090
zar,7631157
edw,748396
ncu,0
rhe,607792
xid,314448
kab,131034
erk,22885876
anx,1792296
ohi,0
apy,60759952
wre,0
uad,4584286
bsc,609240
wir,2357145
dsh,0
nyo,240488
aby,42868121
lbe,1518343
nwa,0
aks,58771405
ntm,0
eil,18527778
efa,549964
nxi,597928
coe,4432755
oit,26055231
eei,0
oxy,13137726
oir,29369340
rka,421679
gif,723793
nuo,323335
lod,1211813
hma,7627107
poc,373303
dip,5830471
nop,169249
eov,0
dwi,120439
lfa,2893421
rph,411776
yte,17981927
hag,1108770
ilv,188933
raz,1401866
pio,3487454
sod,1897428
iny,56329342
ieu,17924889
egl,0
pia,15345959
gib,268162
lew,21388522
haw,15992923
edr,0
eby,58750694
gyp,142573
hew,32915707
fty,59188389
dst,27703558
agm,4894209
aya,14867895
syl,139957
uda,6165954
seg,478363
ndy,52447555
noo,306047
seh,1399817
kid,11618588
moi,1835292
von,48919634
thd,147083
bbi,6991248
uiv,188722
elm,13924941
ylo,167133
pru,333845
ngo,17851327
enf,0
das,31793500
olk,34704195
inp,428339
tma,2038521
sna,1850196
wsp,111801
hns,6261860
cub,1148844
bic,34616118
efr,0
bmi,774031
xio,0
roe,9922906
elu,0
umu,116234
bag,20299271
ggi,401692
miz,261742
aty,48658444
lyt,116922
pyr,0
bsi,174827
rur,0
wak,1480089
jon,4009226
iry,52725575
pup,1237558
lsi,1219209
aza,7417151
reu,150821
kni,0
sno,904394
ckg,0
kgr,0
kar,5208321
dme,238835
ngh,11362469
eus,40420693
nkl,311587
xin,7899547
pth,41816678
tco,153037
rvo,886065
hiv,11847905
ubi,1026310
vet,10691753
oho,1288924
lpe,698384
pip,1059350
kit,7099831
tfo,0
eog,374062
hfu,0
uab,116225
cky,48693181
bom,2690714
toi,1095440
chy,41030584
veg,246942
mbu,0
gst,24923542
fth,45690455
xfo,0
efs,51139631
cyt,115233
otl,0
ybe,43187764
sfi,0
oxf,0
sbu,105100
jea,0
thn,138345
mok,412536
onu,0
ugs,47727781
tiq,335661
yli,0
ymo,0
cka,242669
gma,13528040
rca,7033861
kag,0
vei,104077
ulg,0
iki,2522607
eny,27406046
buc,107460
lms,44941965
lax,11965233
thf,560276
xan,1015809
lst,23832301
dot,6523423
ayb,0
unw,0
vul,0
tts,37455860
hru,5612838
uln,0
mam,3082130
lux,21719197
uba,17282390
cim,444108
nip,2400886
bte,0
itm,121806
eki,721941
mne,1043200
yti,258969
ltr,498421
sey,42047173
onq,0
hdr,113135
ayo,3940685
hlo,146661
itz,19292811
nkn,0
mly,46449985
oze,4204215
nil,4457268
odg,0
dwe,0
kli,0
ebo,3513310
dyi,0
teo,1581224
ssl,728884
ywh,0
xat,0
oru,362605
kat,1067024
olf,29161303
dun,2927456
cob,15338637
veh,1249960
zab,113534
fab,671568
phs,44855406
ybo,0
lga,4077692
ocl,121960
dum,17438840
ffl,282825
elc,0
cef,990166
yne,19864934
ilw,0
uds,28775954
aor,208462
epp,531444
uve,3495049
tyr,5278542
aqu,0
pig,10835364
lyn,19544376
wde,0
gap,23076164
tox,885208
lge,7619044
ahe,981079
duk,345295
ayl,0
dab,1381919
cht,24585589
aes,1685915
adh,1922812
boi,230496
arf,9612317
xit,11973781
ohe,770875
mog,745176
tuc,659212
obo,1569185
unu,0
eiz,448181
nau,1576138
tul,138072
iph,1716459
rao,3363714
egn,0
igm,9385200
sak,303621
ofo,0
uno,7078744
ioc,935891
vad,732909
axa,1602444
rpt,3350970
myt,0
hty,42217614
fug,0
lln,0
ogs,41353310
vok,0
egm,508603
dth,37288223
xem,0
kor,1054143
lro,0
sip,7838724
aje,300099
lyz,0
fti,534523
cof,141085
wol,361650
nog,211282
wye,585711
lma,6401968
eud,16142054
xon,26976709
sda,3050155
uai,1452568
ldo,4402480
dix,35060517
apl,452842
ipu,311561
fue,592225
yla,1090588
xie,2432317
lks,39376521
pov,820887
ssr,11497802
onj,136109
ecc,385830
url,6147053
hne,2693016
hwe,0
nhi,109888
rml,178988
idn,525123
nri,5833790
fos,989918
xii,20954008
siu,502035
dma,4800650
edn,4142773
gou,313058
cac,587002
lmi,145355
xvi,14489083
tew,2333316
ccl,574619
htf,0
hyl,10347423
awy,0
dhe,108892
hay,13035330
inm,0
xha,142472
nak,1961044
nbe,0
etl,333764
fon,1797715
xts,38688191
ckw,0
dox,24073046
urm,795646
kwa,239329
toe,7374476
emm,124466
eez,548239
oak,20553637
bie,6750586
dad,28134422
roh,309779
dna,29817182
iba,2689974
ibb,952595
ffu,0
isg,130929
vec,5290245
nje,785849
xti,0
iru,0
haz,528848
liu,3953099
yto,159249
yge,0
laz,0
kon,7438659
bbl,344338
lpi,316106
pty,34311823
dvo,0
xas,33727109
nyw,0
vab,0
yro,969008
ieg,1339525
lul,178727
sot,1330227
glu,415197
sdo,0
onk,8977043
egs,37168194
wet,24012825
ebu,744439
ynd,489341
bak,324799
ftw,0
aka,9245270
tok,1534649
onw,0
nma,123117
sdi,707989
yra,2352445
xyg,0
dib,128538
uco,617133
nym,4293298
eof,27925837
voy,8724352
diz,1528227
tef,0
nul,1060182
otr,446733
rhy,0
ilr,191304
gau,333396
abd,2103845
awf,0
unb,0
ylv,0
eze,19418218
ldl,1724645
esm,119458
hth,14718450
kha,819254
tui,621639
buf,244530
oef,129557
btl,0
oty,2928451
dho,0
pad,6299243
rps,25719269
idt,5687180
gnm,0
mbs,32834311
dhi,10040690
gry,34568807
zea,444170
isb,0
kew,2385736
bap,357441
aum,7387037
kir,719989
kso,0
jum,167448
psi,4305759
mni,3572985
hep,676628
hog,3412815
xil,204571
ksh,101065
tuf,0
maz,0
yno,0
hyt,0
olm,13005137
lbo,697816
eid,9385561
kie,12150347
usy,32971363
ugl,0
yze,11587935
tna,2412568
vap,106576
wra,136349
rpa,954930
lgi,1293606
osm,1614931
mah,2343422
guy,19816174
haf,325825
pso,1694797
oyi,0
ocy,591994
pep,962494
wfu,0
ddh,0
eom,110965
inb,134401
uor,10904132
nun,3750220
gid,17449305
nho,133823
deu,127485
nzy,2528290
pum,551920
osh,10613978
cai,1728647
aer,2256174
syr,294653
oha,629427
aic,20010615
cue,16886507
tso,570040
mau,1290398
heb,1651916
awl,8098710
unh,0
hym,528367
iac,24196836
nwi,0
esb,108315
gru,315972
rgh,25747669
ubo,621084
zzl,0
rix,30806738
xcu,0
bai,1837140
nns,3970618
tet,7758956
elb,259120
nbu,0
ggs,30624764
npr,254281
fia,4320820
doz,556590
xib,0
arx,15043459
ulk,20682657
ddy,30752428
ndf,132649
eke,1880118
lil,1361432
aux,19473219
tst,161610
ubu,120259
nro,2102890
mab,729343
rbs,30204910
hmi,788489
dgi,0
yma,1662904
ulm,760755
neq,0
etn,0
igs,28986061
ipo,1088138
ldh,374945
mns,30274722
dsc,511485
ifl,158825
rrh,1457161
esk,19985413
nep,1300676
stw,0
oxe,979097
fev,215537
lps,30127163
aho,5482507
dys,2302295
dag,938809
hac,746697
anz,6673841
zym,0
ags,27285654
oln,25095691
nsy,607561
ghi,567748
kal,2413237
iom,5627239
eju,0
mud,17637149
kla,589955
rcy,26720288
tug,2340535
ssy,24690694
awe,6703941
bbo,0
sro,256465
ovo,4495863
ibo,1034540
esq,7249252
rfi,132126
rgr,0
xxi,7131100
ryl,4327974
lci,377539
exo,233234
rkn,0
mue,0
uzz,2150804
rcr,0
mcc,547403
ffr,0
hst,530628
bry,891122
ogo,3939500
akn,0
dei,5971424
bno,0
oqu,0
rbu,0
tup,6735266
gee,13044817
cyl,1219462
ryw,0
hoa,1232378
enb,0
slu,0
lry,26870920
awk,7487737
dha,11727913
ucr,224526
sfy,19546973
lah,13048271
hov,1274480
abn,151240
anl,177497
ndw,0
lyc,0
ymm,0
jim,17561897
jef,0
rqu,0
ciu,0
ska,16143744
ngf,341187
soa,631472
smu,103680
yde,12224165
lba,2960949
rak,2556291
yll,4602990
jen,1431331
sob,1405236
hev,7738217
esy,25193536
osl,0
wni,0
nze,14205441
amn,10167870
uas,1096336
atf,260600
unm,0
emu,987361
osy,6422687
eic,5631140
hli,508864
ync,1080220
iop,495283
upw,0
mna,584210
llm,0
pwa,215840
kay,22236600
ixi,0
dmo,0
dub,605276
zil,15963997
dds,25981492
onr,519817
bby,21575941
ahm,271180
nza,13274511
daw,599366
tga,185915
eim,10428112
meh,0
uet,12134808
yce,11621974
raj,3590518
axo,339338
adc,1067248
lug,8114394
irp,552693
vow,4676209
teb,0
bts,25424737
eip,0
gad,925025
lgo,1350351
dca,267668
bob,16136719
orh,0
seb,465561
gay,20366716
iah,24335478
ulc,0
tuo,479259
zur,8883414
zan,2185432
ewl,0
eot,306724
pfu,0
sgu,0
ogg,3658482
joe,18957127
enm,0
oev,0
usk,7745048
nwh,0
hob,469187
nja,709216
lch,5273706
uph,0
ndn,0
esd,298811
rby,23455543
nka,5019284
elg,383238
ubc,239319
edm,232393
ryb,0
xty,24210574
zle,10992240
lfu,0
anw,0
dac,617172
pam,3523902
mmy,24175569
jar,6928072
lca,353448
yag,486376
dew,5163098
lpf,0
gab,431234
ywa,0
mle,182195
cay,15118402
lka,882970
ebl,0
ndb,108799
cdo,171095
ssn,2582268
dup,2916705
orf,2802462
hua,10583893
hud,2353187
vib,100423
ndh,437697
tav,2257248
ouv,124680
ubd,295076
teu,222956
utw,0
peu,1302536
dba,562018
nwe,0
ghs,22080859
kra,1535229
dfu,0
tsc,413901
cun,1183615
ghw,0
noe,7069716
lfr,0
wiv,0
anh,1015249
rtf,167859
yph,638476
mso,1785439
amy,15799158
aeo,300522
nae,6670618
chs,15555755
awr,575565
bum,6673100
dfa,177955
lpt,161534
xth,21832020
kim,10937360
bba,1474045
ndp,1401644
tba,222362
naz,302592
nid,2099544
luo,640608
rya,2739652
udo,6181179
sre,158984
cko,277560
shn,0
eef,15024083
hul,667422
eup,4298008
bau,858685
esl,782544
xia,8818564
nyi,630400
oka,2486187
eoc,961294
npo,162642
uye,214846
pak,1190739
fei,753401
tad,2510624
pst,319259
xiv,18374051
miu,0
dlo,0
tth,346984
rpi,820632
ldw,0
rtg,0
ecy,13693726
wad,1236554
pav,157621
ryd,0
tze,2238073
lsh,10772286
ckh,0
ciz,0
cib,0
wim,6503735
rwh,0
ilb,0
fox,17358828
obu,0
ptl,466687
ekl,0
rsy,18976014
wig,8674683
rwe,157908
oen,986105
bdo,0
dla,248862
nah,16553261
rdy,19996522
upy,14139310
sby,7685382
bsu,0
uum,20050147
asl,537968
kfa,0
yco,0
xur,0
odl,173103
onz,0
jai,828068
ebs,4763195
cuo,557193
ejo,1529808
kho,102106
ogl,0
rnt,16766193
oer,4150951
sut,397933
akf,119662
roz,679121
luk,841842
anv,1102464
ueb,0
npl,185575
tiu,0
ayn,847142
cig,0
hyr,563710
anf,405273
htn,0
ebb,7644431
lbu,0
xag,0
byt,0
otw,0
dqu,0
hla,1553512
dja,0
rfl,0
pne,110486
omn,0
gow,8508945
hiz,779856
lgr,0
gga,108646
wie,6295826
shl,0
aja,7026609
kma,0
toy,8441701
kri,107956
irk,9491312
fad,1245087
xxx,3733932
sgr,197276
oed,11261043
unj,0
eyn,1203571
ofa,5116885
eod,2693353
adq,0
azz,7119073
jua,0
rwo,0
bdu,101532
anq,0
ifa,1847008
pue,0
rct,918186
rbl,0
oyd,17407714
dbo,0
oam,10042019
loq,0
okl,305661
adf,257424
cic,6576377
boh,147766
edb,117211
pda,600827
nlo,501879
wto,3092463
ipr,367183
yre,8582784
olc,0
eea,298748
arw,0
gut,7087895
bam,781226
rdw,0
agl,151703
rtz,16158785
uak,0
soe,2671098
uxu,0
psa,1647731
kru,113882
jug,2005123
pom,611858
sax,828747
adn,120805
rdn,0
upd,0
xxv,4879433
izz,147850
ilg,0
phu,475593
feu,779584
hef,2470923
gog,680081
ryn,1943098
ccr,269242
chb,0
cly,12563048
auf,8075366
hms,16332959
nsk,1974093
lyp,595304
yda,0
chw,0
wep,186464
nix,8439579
jet,10868201
iho,103566
nbo,0
azy,17284952
heu,170822
gfu,0
vau,105988
zie,8261305
jok,0
joa,0
cae,375823
mei,1223081
utm,0
mcg,323706
lih,279708
meb,0
hao,3643075
ywo,0
lof,691802
wam,2969934
bdi,173747
lfo,1097923
elh,117076
odn,0
dye,6046729
jui,206017
eun,0
ubr,0
ftl,0
otc,1036965
ebi,119404
myo,568625
sru,0
fax,16161558
hub,3107408
dov,445537
ugo,5379524
nox,7979566
eos,4505216
udl,0
psu,979429
uyi,0
utb,277799
tni,205970
inw,0
naw,1534817
rkm,0
euv,123963
pki,456735
raq,11020505
aml,534478
xpi,0
ymn,5754724
kic,545942
mrs,16115899
onp,0
nsv,0
guo,1044947
acm,2116869
ehr,3839877
ybr,0
urh,0
uru,5137311
tsm,0
hmo,1101484
eoi,0
giu,0
dah,7063812
pbe,0
pyi,0
caf,338958
fuc,0
nya,10029090
rxi,0
sve,102241
bha,3278640
arq,117428
olp,0
rsc,297428
oel,7198158
azo,699981
stp,519338
shy,12621456
ryp,0
tpo,0
eev,502588
juv,0
ewt,599519
zoo,4045516
tbo,134910
gac,222348
ixo,0
moh,249148
dda,1394834
apu,917499
lce,805830
cze,0
cak,0
yab,0
wnw,0
owh,0
zec,0
hto,100368
cys,255609
vre,9724730
viz,12567161
sbo,0
kyo,12670525
ofs,13834026
sow,3325828
kul,184310
aru,1354227
eya,532970
rpu,0
ibs,8473690
oec,0
meg,3345689
nwo,0
ngn,0
wpo,0
cua,293420
aem,152611
phl,0
etz,4905964
neb,458806
puz,0
xca,0
ewp,0
thc,824318
bev,567461
wli,0
lae,10974640
hof,666315
mik,113555
nez,5798870
idy,10047537
pud,1557710
ilf,0
pog,0
otu,405840
euc,0
aar,4483608
adw,0
tlo,0
mim,307737
aiv,0
nkr,194425
afo,0
nay,12013302
odw,0
gnt,0
gom,0
heg,0
dod,1372746
iad,8198892
jaw,8119968
dfo,0
hda,154127
ctm,305566
oky,2108699
bub,926116
oov,0
mio,819216
sbe,295572
itf,270633
mpb,0
rym,0
peg,5935227
gym,2021468
dpo,0
dni,204585
nyb,0
npa,272235
noy,1903350
afa,1238469
sku,0
hyb,0
byr,0
ezi,595168
hbi,0
lhi,14065490
pik,286951
iox,0
iov,0
saa,384215
cmi,258142
djo,0
jav,0
uys,13495148
uac,1496558
bug,4569820
nkf,0
pht,0
dwo,0
ckb,0
tah,8282207
nra,870489
yss,3120338
eeb,101075
irw,0
oza,5392065
agh,3860996
btf,0
aac,10301097
ako,550589
tov,2770704
jas,1991855
btr,0
wip,186489
rkl,0
wma,0
kad,981507
lyr,0
zio,1489406
ecd,4735801
rhi,0
oyc,0
foe,7004820
utd,0
mra,303951
ulb,5436194
deh,464474
aos,13101299
uso,1332728
pod,4179098
isy,12049393
eah,12457839
bco,112789
ahi,1228600
enw,0
ozo,963725
odr,0
lpa,1265848
stn,512021
kip,4327984
adt,3062460
atn,148601
wax,8785757
fum,132927
wab,2663862
ewr,0
nib,247072
fma,0
sni,0
iwa,258905
ika,6262960
yen,6939658
tdo,453120
enq,0
olb,546581
lsa,4161919
kup,10804355
ceo,3495248
cuu,0
idw,0
teh,654083
eyi,0
eug,0
ayt,0
myc,426710
yso,0
nzi,273072
yot,810284
owm,0
bew,0
htm,600941
lpl,136531
mao,7476360
opk,0
omr,201934
duo,1147702
jin,1730709
axp,0
uha,324664
xal,465229
cec,609226
mop,1050941
iow,0
kas,1132857
byl,1139556
omu,0
vak,4786708
uvi,0
jah,5920157
bto,0
noa,3327275
psh,0
geb,179812
iji,5665436
tbr,0
kto,0
vik,3448994
ygo,0
mye,0
kia,8005761
ghn,876927
kfu,0
ilh,385522
izu,356326
paw,1757916
lho,871057
huc,369167
seo,1961387
aub,1982111
xtb,0
kam,808182
nih,1096901
mug,2533126
ydn,1673123
lyw,0
vom,2562437
ruf,231057
zet,394836
uxi,0
hue,5501503
kdo,0
kei,861655
vex,5841255
osq,0
nyl,6057197
bye,10193441
otb,0
mey,1616855
foi,1170948
wbo,0
tca,760778
lfe,6752820
nba,775077
yps,1044426
unq,0
pef,109145
nmi,110066
ehy,258926
gig,1095664
xcr,0
ibn,5364601
ahr,2124355
kme,0
irn,2179452
aii,7333546
ypr,0
fse,0
ugi,208629
mck,101552
eux,10778722
oap,9304048
piu,542326
iae,6136899
yho,0
yam,1502142
wls,11004765
hah,8287832
kbo,0
eue,5720006
rdu,1721379
irv,184711
myr,148595
lda,6330224
bma,202523
ewc,0
ucu,0
ogm,0
lix,9885879
ndt,7449603
aue,1531078
moa,1854983
euk,0
syd,309020
cch,1084507
rez,8239540
yos,3663828
akd,0
ihi,754963
tgo,145955
iap,361393
kem,149250
sde,991923
lir,148147
leh,733447
gsi,619166
nmo,101736
kai,4235448
cgr,0
ltd,10229424
taw,1040172
yog,0
ivy,10660540
pew,1852307
thh,0
lyo,0
yru,0
fay,3111581
yat,3029875
cey,5703937
rex,4144400
ugm,0
dsw,0
hqu,0
boe,868577
klo,0
pox,5136068
dsm,1903178
mth,10471729
oyo,1362533
xen,4934665
hok,287577
ucy,8852999
xto,138360
pma,344789
bue,759214
enk,437049
kur,617298
sri,8542004
lft,833282
wsh,0
thq,0
dak,2232795
rmt,0
sos,5849124
feg,0
tof,796821
nof,152416
xix,10048064
toa,620210
ikh,5567339
nys,688769
tsb,100454
zza,4827688
uez,9067716
tsh,904622
bog,2081254
tfi,0
cox,8124270
evy,8916464
kot,654183
jab,6775676
lpo,0
wok,583797
aiw,0
ynn,7463884
uod,6428677
acs,7196966
ctn,0
fow,0
hco,166313
tmi,149142
nbr,0
zig,7406855
dug,7411543
neh,306933
kst,101778
awb,0
uvr,0
ptc,262801
utf,0
naf,240256
rkp,0
ioa,0
ntg,0
yug,0
nik,2060261
nzo,5547645
fog,6806378
ecs,3134354
sbi,103058
jay,7503557
ewb,0
mcd,239575
rdr,0
ggy,9526544
bys,0
fsp,282164
rsd,140954
edf,231981
afi,1064906
kna,0
ssw,141812
yfu,0
afl,2040467
lbs,8733725
hya,2889234
kea,329448
zzi,1944756
cyn,0
iem,2944553
biv,0
wso,0
xor,2676452
upu,0
uay,7134927
iaz,2640547
xta,512122
sah,913033
akh,2126526
cyp,126334
weg,831051
xot,0
obr,0
fgh,0
afg,0
wfo,0
ygi,0
ctf,108383
hyg,640674
vos,2880328
llf,0
tcy,9300921
adg,0
ylu,0
rax,5977364
ltz,5689992
sgo,0
zel,4558024
kun,776850
lky,6632806
dbe,132767
zam,1451563
loe,2549777
tsk,906931
anb,179505
bah,1676356
abh,190346
bbr,118626
aln,159456
wkw,0
jol,0
dje,0
aia,1649420
aed,643158
mcl,289570
ohy,0
dpa,2271987
yis,0
rek,4618651
ceu,0
zei,0
stc,635841
jak,234688
xab,0
nck,4999898
yng,602487
svi,0
zim,976651
dui,192851
sbn,8751199
moz,0
wov,0
tya,1569342
lol,1511084
ckm,0
acd,281222
oyl,255994
bve,0
foa,239172
yni,0
zop,0
ypa,0
xyl,2411482
dsi,110109
wla,0
akl,0
ayr,866874
pei,2516994
cku,0
lal,3502939
igl,146284
dmu,0
wme,0
ewn,6962627
daz,160507
nvu,0
hna,5258791
sik,1865317
tsu,1443537
nsg,0
xel,4501343
cok,0
wnt,140631
kap,236176
dez,5473238
lhe,423300
etb,0
kol,849746
heq,0
oeb,1332114
noz,520213
eym,0
utg,0
asq,0
oeu,0
ofu,613406
tpa,736217
mfu,0
wry,7612103
bne,0
rye,4657658
uxe,1143620
luf,0
rsb,0
muh,104494
pek,155025
owb,0
ffm,0
lyd,0
yzi,0
fry,4831376
rtc,217482
rgl,0
lye,1176489
ixa,0
ayw,0
ukr,0
mae,2879650
rtw,0
ayf,0
gyn,284773
kwo,113163
ewm,0
ngm,0
wse,2079728
ija,226165
asg,0
xqu,0
exq,0
eul,1026906
kfo,0
yza,324803
tno,160234
osb,0
stf,0
icc,1482001
rmf,0
ahl,3722911
ysm,2986976
kov,5095196
mli,0
ntw,0
wey,6010297
jaz,361367
tsa,644601
llb,145582
zli,0
yoc,0
hwi,0
gae,4590307
utn,0
oml,0
uam,5198605
ubv,0
nud,161993
ckp,0
rkh,0
iml,0
ieb,1174997
ueu,0
zem,307712
umf,0
hho,0
tge,0
tki,0
irb,407017
roq,0
hik,174138
fne,0
dyl,279142
wun,0
pno,0
dga,0
erj,0
irf,115744
lup,1476229
imn,0
kpl,0
uva,851939
zzy,7187773
vae,7320481
otn,0
oue,1175535
hnn,0
hwo,0
asb,1313297
mwe,146779
ysf,0
hry,626324
lyg,0
lkl,0
iln,1963243
ldb,0
ssp,529644
gda,557116
kou,306201
spy,6117149
byz,0
kro,0
giz,0
elr,106194
shw,0
ncs,7400433
olg,0
uea,193697
ezu,0
ioe,0
lha,195898
mif,183274
oag,138936
eyb,0
isq,0
hsi,1192213
yas,3205933
ngw,0
zal,1685668
bbs,7288501
isn,214692
ueo,0
oyf,0
hex,1035739
gdp,7267305
aal,5797994
kyl,1260496
chf,459583
xho,0
inr,278148
eib,499916
atk,171032
ypn,0
snu,729495
nvy,6949247
kau,339157
eyl,336837
sgi,129122
xle,2384753
tbe,3956083
ldn,351725
yeb,0
lnu,0
yok,0
nsd,0
kef,0
owy,6472790
eij,0
yca,0
piv,107730
eif,865662
wds,7039918
apm,397667
laf,1073096
erz,1051308
uqu,0
tfa,171459
jut,288524
iee,283021
coy,2866684
cya,0
oko,749522
khe,204745
ydi,0
mss,6685124
ewd,4326216
swu,0
tzs,0
kev,1791852
ahn,5690609
eee,6911166
gei,1094694
ckt,127605
lyl,405894
chd,666534
tbu,0
ruz,5656457
anj,287133
abc,5111701
kwe,0
cyr,408593
evu,138803
ymi,0
auv,0
iur,0
zsc,0
osw,0
pug,408503
ceb,136294
llp,328799
aup,134767
nsb,131286
puf,141245
auk,1638513
rck,5881798
fta,3012555
esn,253508
syp,0
nub,712595
anp,250619
odh,0
iha,0
alz,240369
jee,2139798
wco,293311
lbr,0
cst,283759
omw,0
pgr,0
aet,474106
aec,1639880
aiz,108218
ibm,6585985
dob,166647
akt,329718
fsh,1032538
zue,0
boc,229100
wba,288850
ynx,6568006
fto,106989
ttg,0
rnh,0
yac,105031
yol,290122
awt,162728
elk,2818340
koc,0
aol,2337353
tnu,0
oah,5653315
uia,2434622
aas,4849493
bme,0
mte,4576062
eaw,0
ddo,604699
upb,0
odb,0
woe,3750557
koh,899278
zoi,0
orq,0
buk,0
sps,5733468
ayd,534919
eyw,0
owr,0
tyi,0
nir,2885854
nhu,156571
hez,5198489
msh,231505
pbo,161251
vog,0
byp,0
buo,0
rnu,539965
dse,286577
yci,0
zac,2420979
odm,0
gnu,346486
wca,355947
kos,705817
eia,2518262
akr,484778
uka,1265110
soy,2202627
mfe,0
lya,1168694
pae,744670
beq,0
ndc,180772
tym,0
ubp,0
bik,0
nuu,0
ddu,0
lao,2530637
bcu,0
iko,625975
axw,0
xwe,0
xus,5629278
sek,361574
uko,0
ysa,0
alh,0
pex,6020274
ttu,103731
gwa,0
keg,573244
pzi,0
yrs,5548168
iks,2872471
oux,5963867
gfi,0
chc,126057
uoi,1007536
zor,2517035
dfi,179306
pyl,703900
uev,0
kah,1207620
vue,5453291
skr,131264
jag,419392
gsh,337217
rnw,0
lri,0
aeg,152527
naa,426306
ipz,0
sht,0
ohm,2882335
adb,655956
ohl,2564148
kke,700371
uze,3940464
atz,5019852
rnb,0
xpu,0
hwh,715636
awo,0
laq,0
llw,0
sql,5753035
pix,260208
atp,4299372
aan,3491348
ntf,363246
biq,0
mcn,103290
thp,346857
suo,1463347
mci,704730
dch,0
ifs,5453851
zis,4422371
bho,0
jup,0
wau,157734
suz,0
eeh,0
ysp,0
uja,1374038
fio,1864358
rsk,1116528
iai,271086
waf,0
bip,140555
wbe,0
agd,0
uiz,3097571
uft,1589180
aku,1554952
muf,0
rnf,0
axt,0
ldf,0
aik,964715
keo,215676
rkf,0
wki,0
ubg,0
shb,0
yrd,1681766
inz,3521951
fbi,5034035
arh,839871
khs,4439600
rwr,0
yom,766140
msc,896054
jeh,0
cuf,0
tae,3578742
huf,0
wnl,0
lwo,0
ulv,107580
lkn,0
wyn,2025673
lpr,105886
veo,0
ptr,1498403
ldm,0
pem,233166
dke,0
oby,4362898
oex,0
zol,397737
yke,2637036
onh,0
tgr,0
ofl,226382
ozy,1246664
lii,2498944
vah,4826352
ozz,0
zhe,102612
mow,980316
iia,1134258
ihr,1067091
zum,3537892
udu,128385
buz,0
rdm,0
rko,579683
upg,0
aie,863882
tpl,0
oyn,0
klu,0
yah,828776
ntz,4209079
dud,246286
wsl,0
oxa,376343
ffy,5266758
fwa,0
oie,1170936
tcr,412840
bav,101341
ovu,0
aev,169766
zyg,0
ahu,1185910
pps,3915672
riq,246737
ruv,0
hiu,488105
osk,538608
hso,0
xod,719988
wiz,0
lml,0
lbi,145297
lfw,0
baf,0
fuz,0
rdt,4869029
uny,2226385
etp,107075
fae,172018
pez,3350750
mev,2777167
jel,0
ihe,3611943
rje,258335
tml,5072048
ndk,0
tik,2726927
iby,0
biu,0
cah,1355261
uoy,1029320
dwr,0
weh,3294320
aea,2427196
uxt,0
baz,163636
mca,1669879
thb,492280
scs,4243337
vsk,532287
aen,1344472
yof,0
nug,1275710
omt,111219
ffn,0
arj,0
eml,0
biz,269604
lby,4797171
kse,0
peb,0
tao,2230569
wah,917105
bju,0
ppm,3898078
moe,852304
gaa,183098
ssh,370258
lmu,0
goc,232910
hcr,572596
ppu,101778
rhu,0
ngk,0
tsp,1327439
tsy,3016487
aoh,4084633
tyn,840024
osn,0
edt,323343
rlb,0
otm,0
gob,221621
puc,130518
gew,371826
ygr,0
nkt,123820
keh,0
ojo,1029449
jub,0
dby,1167434
tzg,0
kre,0
vla,128869
odf,0
jeo,0
oax,1430440
luv,107687
msy,4688411
ywr,0
jia,495470
hek,1963403
wap,2389812
gev,1224523
dsp,503121
oku,1084588
cni,0
kya,489526
paq,313674
cna,446835
tys,140009
icn,130538
awh,0
csi,1057101
bti,0
dbu,0
joc,0
duf,0
zek,689973
cym,0
fak,117039
vef,0
msa,1521911
iin,565270
efy,3004492
ewf,0
mri,3233326
zha,0
vee,1697987
dya,1271575
zge,0
aky,3846660
eja,720395
aeu,0
ugn,256665
gnp,3731903
vaj,0
ngy,3844097
ksg,0
moy,784085
jil,0
wst,0
hih,3245357
bgr,0
sdu,0
wyo,0
arz,1552908
rnl,101454
rgs,2501065
wdi,0
uki,2342291
piz,0
epy,3220907
mcm,349758
ckf,0
mnl,0
imf,4044883
pey,2473743
lxx,992232
rij,0
zep,0
isj,0
viu,0
cuc,0
jau,0
yun,1230027
nky,3312173
nss,275492
kok,3252984
etf,356949
oog,213714
ksm,0
zma,0
mla,1768640
dik,182142
shv,0
hvi,0
axy,4296965
aqi,3606541
myl,694467
udw,0
eik,740242
opf,3722537
byi,0
ooc,0
egh,900065
aot,262055
pyt,0
ipb,0
iek,1245165
udr,0
onb,0
gop,923655
wsu,0
tvi,0
ehm,741950
yak,1192502
nsn,0
xml,4225570
bwe,2840471
dae,676882
kta,138535
zzo,3718272
mpy,3275376
rsl,108993
llt,376519
rdb,0
ooo,3463053
zoa,2729419
aji,1966119
enp,0
uae,3427514
lna,1591963
kth,244751
eka,2310787
oua,0
kum,415994
wke,703479
iya,1950688
pco,219810
odc,113423
gwo,0
aip,256069
hhe,0
bya,2657715
cao,3837779
ghu,113401
bsy,0
dsa,230005
yly,3912056
pbu,0
ioi,258811
ilc,220624
nao,1155481
gao,1330145
bez,389894
haa,313189
gko,0
kti,1995489
ivr,0
ogh,1876852
rze,540262
ggo,0
gaw,0
dbi,0
bif,0
gyr,0
kwi,0
ldc,479651
zas,3587974
ngb,0
rky,3966237
oum,1147831
jux,0
gmu,0
eew,0
kpi,0
cud,663380
cne,1354930
shc,153501
ssb,295660
loh,1163359
mrn,0
eyd,0
rny,3330995
xli,893242
oaf,2872511
iez,604500
zia,1877251
rku,273029
kaz,0
hui,2210936
amw,0
zip,2383420
yua,0
kaw,302213
amd,714703
unv,0
oja,483316
mho,109402
yfi,0
stb,138426
ezz,0
oea,3626930
zeb,785846
yaw,448623
zee,1816939
eyr,351166
zho,0
gup,0
uji,923607
pao,1291046
dii,2588541
pui,231347
tde,3370562
xud,0
ayg,0
acp,2371688
mno,533739
xog,0
zag,1598163
yad,1361144
bem,699477
kow,1117868
skt,164116
keu,0
yop,0
ufo,944934
mch,310621
iao,3064206
uby,3745692
wur,124352
sva,113047
bde,341823
xco,0
nbl,0
uwa,0
oix,3709151
hmu,0
zak,569311
rbr,0
tsw,0
awm,419660
tfl,0
ldt,3256836
awd,418866
bcl,383321
cyb,0
faw,314805
mef,0
tfe,434545
pke,332128
kpo,0
ksp,0
zra,3245963
iir,1623620
sao,3436754
lnd,115670
elw,0
nup,1689831
phd,3618610
owf,0
ldu,0
kuw,0
oig,110867
jad,114425
bsp,1619486
toz,0
adp,1456662
okk,0
ehu,508444
lns,1211622
jov,0
gms,3575593
fod,0
uhr,2339006
yrn,0
hca,167711
htr,105565
uon,933447
pry,1459298
ahw,0
rmn,0
knu,0
uos,843775
rza,2732239
dcu,0
nwr,0
ltm,156685
owp,0
wof,0
vix,3243547
hta,1193846
evr,0
koo,1613920
otp,0
soj,0
dyk,0
xet,0
ohr,3143474
umc,0
xig,0
nyh,0
maf,229795
hij,175267
soh,123828
anm,217922
hpl,106745
hfi,0
utz,2783477
azu,356613
ozi,0
dsl,605874
rtb,0
iil,949241
dhu,975195
rju,0
ezr,0
oei,0
gso,0
bni,0
acb,184755
amt,2476564
lss,110569
kda,943296
rjo,0
htw,0
dek,651567
isv,0
yms,3384580
lij,0
fah,144979
bbc,3374715
ysh,116409
eeg,2371224
zeu,0
lqu,0
lzh,0
eex,0
lok,1736527
mpk,0
zaa,0
tzi,166631
eow,140587
sge,106798
ysl,0
mez,2002413
zte,144962
aoi,114295
ocs,3133389
jed,801664
siq,0
dgw,0
yfr,0
esw,0
uef,0
azt,264450
smy,0
spp,3281875
zul,213873
iju,0
bih,124047
cza,0
cbs,3261079
xul,0
kuo,1682354
uza,698927
ouf,0
mii,304606
rfs,3243538
cbe,243897
eqs,3237101
geh,0
bax,341447
nhy,0
iis,2777854
oxo,190627
cpu,2946868
rzo,700643
rlf,0
abw,0
doy,263747
eie,310913
ghd,0
rnd,472816
ufm,0
vam,150568
mde,0
lez,2775544
oim,0
gby,3185244
bwa,343711
ivu,123291
kpa,797305
owo,184642
umv,0
mui,170074
lyb,0
tcl,170070
guj,0
lnt,122450
wdo,0
gsb,0
kob,1002398
ckd,0
mep,224361
rpm,2155492
ieh,1147761
yba,0
wsi,0
shk,0
sae,2272253
ayu,377486
orv,193042
maa,484221
msi,282663
cgi,653018
cns,3076883
hbu,0
urz,848954
tyf,0
rkb,0
sst,1218305
bek,729652
axl,0
khr,0
hch,0
btu,995641
jog,805697
yei,0
cfa,801116
bim,897268
tva,2306688
eub,0
cph,0
lvo,1467733
huy,183117
abj,0
uom,0
ftn,0
soz,0
cma,359544
yid,712803
tht,934729
eui,0
lfg,0
amh,0
uxl,0
hux,0
eza,1820620
kca,0
pwr,160926
yew,1119209
usd,615678
evs,310087
fij,0
kua,267032
ooz,112995
pua,2371313
htt,0
apn,107803
vip,671109
sez,2822459
muz,416778
jeu,560926
voo,418736
fag,423103
cso,323450
tcp,2917978
pah,860170
tpe,0
yur,0
llc,1759573
oyb,0
fda,2909674
zbe,0
kom,359863
nji,981754
lff,2671039
xeg,0
vus,2894549
gde,0
mya,243898
zwi,0
sju,0
ikk,0
oia,2422821
baj,0
uwe,402126
pim,337479
mhz,2865938
erq,0
wnf,0
oyh,0
mwo,0
goy,126654
nkm,0
ulw,0
ntn,0
zvo,155629
jit,1379189
lsc,165428
iav,0
uib,241255
bok,1057668
tpr,146491
tcu,0
kaf,0
mav,920779
ayh,0
wks,2815510
mip,247865
ipw,0
ezo,157567
hbe,0
idr,0
hoy,1265667
odp,136784
owc,0
yem,0
vaa,0
avs,2086528
jig,1270809
msb,224718
xub,0
zod,0
kuh,212191
scy,0
jal,673653
wny,2744265
atv,394920
egf,774019
tsd,1167704
raa,123684
fga,0
kka,561007
bhu,163708
mhe,0
lwi,0
pbr,0
buq,0
dej,135063
hyn,105836
rfr,0
gmo,0
rcs,2678368
kbu,0
uvo,0
iob,0
dco,0
hnu,1664630
pcr,2668635
gwi,0
nru,0
ouq,0
kop,178707
ksb,0
ogd,0
tgu,0
nbi,0
dfr,0
wsk,0
zwe,0
gti,0
avr,154620
vri,0
bsa,738915
avu,0
sko,156512
mro,0
fca,207780
zai,492523
hsc,187817
itd,0
kba,0
ufu,397879
lsd,1234587
hpu,0
bpo,100492
zze,0
xlv,770748
udh,557858
nyd,0
sny,0
stg,127207
paz,2291601
ucs,492495
lsy,2573803
kod,0
sok,132181
rlt,0
ueg,0
ubh,0
mfi,146091
wya,0
gbo,739021
gki,0
bae,546303
acn,0
lwe,0
shf,0
auz,0
nby,2544801
uep,0
ezv,0
wix,185176
fuj,0
hcl,1392541
pmo,145178
ubn,0
fom,151552
baa,607837
zir,890651
dcl,153300
afn,0
yeo,294773
std,1671952
ulr,0
ubw,0
ndd,0
ufi,1145966
vew,0
nux,2481657
nmr,2480403
usq,0
iib,494357
hyc,0
agy,918836
uku,231579
vra,264220
lkw,0
ylc,0
vum,2462865
huh,2461239
taa,343131
gwe,0
pif,110987
imr,131241
lsb,165511
fii,154700
kus,1111474
csf,2451178
ryc,0
msk,356727
lek,734581
ufl,216101
rlu,0
ihu,637662
nlu,0
fcc,2438378
rii,1132475
dsu,162859
mve,0
rmh,0
ldv,0
hby,2419697
fdi,1868565
esv,0
yhe,0
hke,399401
agp,167034
tzm,0
apk,137259
poa,540117
gya,0
uix,0
vez,2274114
pph,0
exy,2370944
yrr,0
doa,118932
sjo,0
igy,2363376
dbr,0
rkw,0
olh,0
yga,0
xys,0
hpi,0
hbr,157870
iep,580890
rsm,120906
sog,178412
eio,139862
dgr,0
www,2324227
zap,267451
uif,0
phn,0
aat,890651
cii,1784442
ybd,0
lld,239576
ipy,178733
zhu,954013
zos,847149
kbe,0
ntp,193117
itb,136145
hce,0
gfr,591005
wow,2170457
upc,270692
wnr,0
gte,215215
wpe,0
eob,0
jot,1015177
uaw,1383886
jaf,142641
tez,1109207
lmm,0
lfs,687958
baw,0
uya,104762
mpm,0
ytt,0
bop,692879
hde,231444
zbu,0
elq,0
kao,946856
vro,103968
daf,210840
aaa,1774233
aiu,0
amr,394767
dta,1483277
mib,384166
wot,787245
uig,165907
wnh,0
iof,0
ilp,469692
noh,404925
dpe,275805
caj,0
hrs,1852301
dym,0
mof,369175
urq,0
ssc,464518
tih,0
otg,0
dlb,2187812
skl,0
imy,1783613
jib,870974
wsw,0
lll,1589928
igb,0
asw,381225
kii,127743
ekk,0
bda,1263105
dhy,0
uhn,2175024
ghp,0
nko,596035
uol,0
cth,1766469
mms,1490464
hba,102744
aou,183371
ruh,320572
geg,0
meu,162880
aif,660636
hoh,149097
ksi,284397
asd,695146
ymu,0
svo,1945637
ckr,0
kub,125310
akk,0
ahs,1569236
rmc,0
lej,295826
ccp,1884638
ruo,0
qin,514380
stv,111498
ooe,0
rss,642204
mcp,483978
vod,103439
gsl,0
ysc,0
ekh,121458
dey,1740448
spn,189663
aam,1750233
kdr,0
wac,301735
kio,475712
amf,182549
ndg,0
iul,0
ldy,2078774
hdi,1065505
sss,423398
wbu,0
cpa,1671801
oav,0
lkh,162581
gfe,0
eae,1621644
iud,830900
fst,110060
bpa,158795
hii,1097240
hrh,313698
ukh,153743
gef,227540
uml,804216
laa,136123
cds,2043575
ewy,1370938
cps,1263685
ttp,2039328
plc,2023809
zoe,1103821
aix,2019388
beo,126100
ijo,499881
bsb,0
dyc,0
dpi,396106
dno,113438
fco,276890
kof,0
ksa,176842
wob,0
nye,1176004
mpf,1004512
atw,0
kbi,0
hsa,234061
fao,1984269
obn,0
ehl,742712
haj,290396
dhr,0
mbn,0
lza,0
dti,274850
eht,1116587
xop,0
eyc,0
edc,387019
uyl,0
ugb,0
ueh,615966
eln,419447
yuk,0
pye,588603
bbu,0
olw,0
pya,0
ekn,0
prc,1953793
rvy,1552748
nbc,1949971
gyl,0
apb,379142
ajp,0
isw,0
ybi,0
yuc,0
llk,0
ysu,0
oey,1922073
avl,146265
mwa,0
htu,0
sdr,392082
pcs,1917300
ydo,0
osg,0
epw,0
ovs,103441
piq,0
dgk,0
lsu,188581
waz,205154
tda,111997
olz,844946
foy,530455
aib,374479
cek,447847
zuk,0
bty,0
cme,1211199
rux,1206985
dka,1223863
isz,130359
pfa,157711
uem,612910
kki,847678
mlo,0
ulz,898833
wsb,0
dvd,1574133
edh,0
inx,1678262
mcf,230400
npe,0
khz,1872190
ghf,0
lcr,126743
lbl,362498
trl,1854339
llr,0
opc,178980
vyi,0
bce,1157181
ayc,0
koe,146767
luz,788469
gfo,0
hrm,541946
pfi,144856
stt,240319
hki,0
llh,0
tyc,0
oab,1268097
msp,190834
rtt,219146
ftc,1560673
uav,0
qur,122786
ooi,0
cew,0
lfh,0
tbi,428086
ttv,0
ysb,0
zic,367965
aom,135446
eyf,0
vim,450169
rnp,111049
uyt,584020
itk,0
akb,0
vlo,0
aef,337322
rlw,0
dof,226005
tek,399963
coz,163275
lmy,1183441
duv,0
waa,721513
ryg,0
yve,0
hdo,0
bna,671699
yod,119235
lpy,1670760
jem,541294
lze,555223
crc,1765384
uei,280835
dte,623031
gdr,1762481
kut,372078
sds,1761274
yck,1449333
ygm,0
rsf,0
itw,0
loz,0
yeh,953592
wyc,0
tke,1119713
nkh,116715
sga,193041
bao,1497404
caw,407483
yeu,0
luw,0
ovt,1738163
hdu,0
wnp,0
cdn,152537
gps,1731034
lfc,0
uje,0
riy,0
hfa,0
ruy,234571
fuk,0
drs,1723089
kib,0
buh,117761
ooh,1715720
muk,0
fey,1028751
oaq,0
tzu,1604253
gza,0
igz,0
rgm,0
rdh,0
khi,0
spb,108465
iku,492819
hsh,0
ceh,277892
ttm,0
usg,0
dcs,1693302
yrt,0
uzu,0
npi,0
lfl,0
zid,526602
etm,0
guc,0
gof,0
lnc,884665
fiz,649223
fka,1674213
oeo,247657
pax,886587
eiu,0
gub,0
aju,275641
hsu,1035091
quy,1662117
zom,0
quh,0
pwi,0
yus,0
afy,1645825
zib,108474
twr,0
odk,0
idp,109812
rdc,125089
xav,0
szt,1525944
eyh,0
azl,197746
ocq,0
dgs,0
wch,391954
bps,1626030
hyo,0
ngz,0
uov,0
zit,0
okm,0
ftp,1615821
rdp,291816
cgo,0
kac,0
chh,0
dbl,0
suk,215062
kvi,0
jod,0
aoc,142841
pyo,0
hrl,177180
pfe,0
ltl,130649
syt,0
ecg,1595031
oji,496973
hgo,0
doh,287027
tph,0
wdr,0
amc,495649
aon,1003897
rpn,141283
pbs,1578656
uhl,712510
lxi,351011
suv,316592
fdo,0
okb,0
bjo,0
wbr,0
afk,0
ahy,796021
gey,561542
taj,604362
gip,105596
mpg,257985
ywe,0
ofr,114036
ryk,711818
bms,1440680
kfi,0
css,938698
dns,1551726
cyd,0
wdy,1541874
oau,651853
mek,210675
jpu,0
obd,0
eqn,1261759
lox,463703
epf,0
lyu,0
tza,437678
leq,0
ofm,0
cms,1523446
pci,1121798
wmi,120321
maw,606461
aop,0
miq,0
gmi,0
emf,1010045
cgu,0
zun,312927
xif,0
pyg,0
zog,1374794
wul,0
ubf,0
nok,195999
kyr,0
umt,0
ezh,180262
lsp,242678
ufe,758101
lra,416820
ntc,159725
kht,101364
cbr,326568
esr,712337
pdf,1370098
yep,676104
lgu,0
epc,514779
hpa,413431
kik,0
eoz,0
jih,230441
tka,1474776
oeh,0
eii,1470085
fha,649815
rsn,0
ifr,215688
dij,0
tfr,161366
usm,0
tqu,0
iax,0
mda,833683
fho,0
nnh,0
gpi,171908
khu,171467
kbr,187084
okh,0
ygu,0
dyg,0
zuc,0
ruk,720230
eyt,0
lvd,1448201
blv,0
llg,136750
ixp,0
lsw,0
ddt,1442224
poy,355779
khm,0
owu,0
mih,0
uzb,0
ldg,1291356
onx,1434133
tyt,0
beu,0
ecz,0
sza,232121
afs,508364
asr,798930
yfa,0
pde,277571
ptn,0
cdc,1419582
hmm,891430
fdr,1417318
ayy,0
aad,1145829
zot,684391
yap,464881
dbm,289808
efc,0
pcb,820351
suh,411528
iwo,371309
unz,358717
igt,754227
nnt,290637
cpi,1399789
veb,127625
cge,155813
ckv,0
gug,0
rmw,0
gny,1393296
tii,191757
bca,239426
gpa,1391086
ujo,169920
msd,146276
mbd,131953
ohu,0
tbs,424087
dhd,1383789
haq,546142
lmn,0
irz,115070
kfl,0
idb,240028
mco,693007
ghz,1374661
htc,0
cfr,1373998
gpo,1029977
mml,0
keb,0
yry,1366262
avd,0
vda,1364940
sbr,171345
rsv,783437
lvu,0
ycy,0
kug,0
epm,104044
mbh,1176010
hrb,300673
srs,1353632
kwh,713029
jiv,519992
diw,0
ekd,0
ghg,170097
ngc,495162
gec,175800
pvc,1223370
atq,0
kyu,623052
ihy,109922
icp,961300
olr,0
clc,1330725
bpr,181068
trn,0
nhs,1329860
idm,0
vli,136845
sze,300311
lyh,0
wpa,787007
abt,733874
cdy,1195617
cev,0
dpl,0
bcd,1060447
auh,107260
nii,910971
acg,0
syb,0
yfo,0
zco,1306206
ppp,1302949
psw,0
mgm,1071699
jev,0
jeb,415271
msg,460726
psc,367476
bld,0
oxb,0
caa,1286470
pwo,0
eaz,0
ehn,411593
gbr,0
cuz,135025
oek,1020852
hdl,1152502
cln,0
yik,0
yao,1084955
ttf,105097
lsk,121110
gbi,0
ksc,0
mfr,148180
kys,0
mpd,217110
rlp,0
gep,0
wru,0
coq,345738
oxv,0
bhe,107147
iit,261941
tmu,0
nnk,0
lzb,0
kgb,1244191
lmh,0
zus,230331
sdn,1241562
rkt,177222
rxe,0
erx,0
wyl,0
uiu,0
gwy,0
byg,0
exf,0
pev,0
euz,0
sox,1127172
awc,0
nax,124366
wii,450841
gud,313325
mmm,1064819
fsa,538296
uyo,143059
gpu,291006
dgl,0
twh,0
kud,309622
cpr,1216178
ziz,1016784
kav,0
koi,339328
muj,0
msf,165465
psb,124373
zpa,0
tzp,0
woh,0
lxv,300238
evl,0
otz,643811
bhi,0
bux,0
xbu,0
crs,1197188
mcb,0
ebv,421515
cde,394288
asn,436007
dsk,0
hga,0
csc,630182
pga,673582
iwi,394537
nij,0
ntb,0
pys,1184926
rrs,1058670
rkr,0
zaw,0
lni,0
hfo,0
dfl,172885
cmu,121988
iie,1052760
mce,117407
spd,1173254
tuk,500256
wdl,0
wec,0
mmt,881271
syk,0
rmp,0
obh,0
zhn,0
agt,417540
ahd,403765
fim,802377
fui,173157
urw,0
rnn,0
nlr,0
ntd,500954
luy,367799
esf,169014
wsy,1153157
dih,0
yta,242645
zad,669272
lkm,0
iaa,902410
yxi,0
bof,0
lkt,0
ioz,999404
ymy,808276
dnu,0
ckc,0
bij,387578
tzh,0
udn,0
mhc,1135659
gpl,100774
cmo,111506
dao,636277
uio,256950
shd,267837
kuy,0
jow,0
yvo,0
iic,299148
xyt,0
myd,0
sii,673280
krs,103933
juk,208966
hup,516398
iwe,151112
laj,0
apd,852672
euw,440873
xos,276987
rrn,252947
otk,0
jae,184037
guz,0
sqq,1095729
aab,547120
zly,1093449
mnc,409497
mox,189437
lwy,0
jax,1088524
dlu,0
ovy,1084564
crt,979837
ouj,0
wce,0
chk,0
wdu,0
tey,858401
psk,146920
yva,0
cmp,1073235
dgu,0
rsw,0
epb,0
tye,239994
yny,1070452
zah,0
jat,329338
euf,611622
lyx,1065860
feo,631049
muy,928739
cwt,871273
gsa,288339
avv,0
shs,422377
wex,106723
huk,0
awg,126834
nek,515764
sye,0
ouk,764683
ccc,1055052
qrs,1054724
cez,0
itv,728044
bch,147108
exl,0
uim,206410
okc,0
aij,0
jid,643844
obw,0
elz,0
byn,425065
afd,171506
osv,0
upk,0
ywi,0
ebn,103883
lcy,640182
iih,167813
fhe,524536
gak,0
cuv,0
dok,179135
wgi,0
ohs,926956
dwy,0
akw,0
yfl,0
fot,355353
pss,1029631
uec,0
jej,0
fiq,0
ihn,583387
taz,117943
mga,439521
eeo,207102
zeo,0
anr,100220
lru,0
vcr,748774
oik,0
rfd,0
ygd,0
myg,0
yek,1009726
mmp,282392
qae,0
ukt,0
mts,1007434
wod,0
kyi,223390
mgr,833358
rzb,0
wsr,0
cnn,1000311
wsg,0
ccd,896444
hyx,0
vox,612461
pca,859642
wdn,0
zeg,0
mvi,0
fjo,0
tnf,873319
lrb,986580
hse,214291
ftr,760883
gmb,0
ayp,0
lsr,111468
veu,0
yls,333235
uey,975694
fdc,975551
eko,200909
zlo,407851
ekt,234802
uzo,0
paj,0
paa,550780
gta,131020
abm,632256
wsm,0
dfe,113818
kye,708324
cfc,568504
jra,688080
hsp,280569
kaa,104074
mby,536170
yum,381547
ghm,0
egt,822588
dsb,230207
aaf,559882
sgt,951474
faa,949191
mha,506642
fez,826909
cdu,510489
kiv,114911
hlu,0
hye,0
tsf,0
suj,0
ynb,0
riw,0
atb,0
ioh,541011
tzt,475641
wsc,190395
umd,0
orz,0
ioo,732149
uzc,0
hlb,0
agw,0
myn,580904
ibt,923409
vvy,922409
tzb,0
izm,0
hcp,917508
luh,0
yul,123559
oyt,915602
ciq,0
ltp,297214
ovn,0
tiw,0
lfd,0
azq,0
zqu,0
ajr,333791
uhe,675720
lfp,0
pvt,910201
mki,0
opd,784446
mlu,110912
dph,484470
toh,509155
kuk,796364
bmu,0
oob,250301
aap,903327
yaq,0
vle,0
ksk,0
eeu,115510
vij,0
qum,0
umr,0
nps,893049
rfc,892912
mny,891921
vek,0
ncc,890514
ntt,889941
hox,199543
giq,0
wte,0
iau,266326
uah,0
eji,0
smt,404448
mpn,0
kja,0
hsl,0
dji,228255
thg,117600
aep,276835
ybu,0
emg,880000
kak,234385
yeg,0
lsl,0
uju,127484
ftu,151383
frg,875056
ipc,533814
yvi,0
ltw,0
wef,0
uzm,0
eoa,0
scm,755129
fud,0
lko,389984
ijk,329674
edp,434774
ezy,863379
gsw,0
ksw,0
fob,857265
lyv,0
rbc,557836
kcl,395787
cmc,736518
iaf,194313
xma,0
ngg,0
ghr,0
eih,0
xyz,850358
dms,454776
dss,744720
jna,355593
sej,0
kog,0
dki,0
miy,0
yaz,0
cbc,842168
ruj,0
aak,464015
ktu,246863
ktr,0
rlm,0
rkd,0
tij,0
tvo,469155
gwr,0
yit,136033
tsv,0
meq,829557
azd,0
ewg,0
wga,0
rvu,0
igf,677719
wfl,0
eky,237513
cpm,824237
yue,296490
poh,205685
gtz,0
iut,0
eox,0
ceg,0
sdl,524308
ogt,814865
mbp,182960
ouz,0
acf,223733
fde,0
fso,0
auq,0
jha,326494
tve,192128
dze,450128
ggp,0
tby,810078
ikt,116230
bup,0
mmh,0
mhg,808408
snc,102568
ymc,0
src,806814
nnd,685431
nrc,805443
bfa,0
wos,804064
vgo,0
ovg,0
ldp,681298
gaf,142355
cse,441564
rrm,173423
aui,796000
nft,795818
oew,290831
fov,152223
khy,0
udp,793770
wys,328989
cda,327911
dgy,793170
pls,792442
avg,791080
zae,790870
xne,0
okw,168734
sfr,176046
kae,0
mto,193380
yoi,0
htg,0
upf,0
xpt,433139
rih,0
luj,153796
yya,148728
kuz,0
oao,781670
yyi,0
imh,280474
ytr,0
mdr,314929
yii,505353
wop,126483
odt,117216
apc,602749
cyh,0
bvr,0
zda,647767
iun,0
uxo,0
qos,772231
igw,0
ltk,0
ypl,189663
wnc,0
dll,479594
rlh,0
exx,0
xxo,0
ifn,764411
yds,762674
yey,759015
thk,307830
ihm,757039
vif,132400
kmt,756633
vna,755448
mcr,137945
ziu,0
bcs,750425
zov,748301
wfa,0
yov,0
pej,0
xir,746144
uzi,394797
dcr,261518
oib,0
huj,0
msu,199910
cmv,741250
puy,580826
bfo,0
tzv,0
jik,212641
duh,304058
tnc,285615
dhc,0
izv,186656
fuh,0
adz,0
aez,733311
cty,298693
rff,732704
epn,0
odv,203014
iye,0
pcc,730351
zni,207338
duq,0
cax,0
ytu,0
ekm,0
psp,620906
fsu,195605
gbe,0
byw,0
mll,0
vpn,602612
kva,721894
ylk,0
ekb,0
snr,721423
byv,0
cbm,456624
ycr,0
faz,106013
fft,719106
aio,130546
dtr,182076
tuy,0
ngp,0
csa,715667
yhw,0
gzh,0
vej,0
vax,714287
ncz,409052
kif,0
rzl,713637
yub,517792
php,710388
boz,176322
prs,709716
syg,0
rdf,367865
tds,708892
wng,0
mtp,704200
gsu,554032
kmo,0
itg,0
icd,587907
ugd,0
ndq,0
cct,489367
imc,273998
ogw,0
shg,155101
ulh,0
vay,317137
zhi,410124
bex,464389
etd,0
tlc,692960
gah,165907
qba,0
iqb,0
yev,130544
gtp,567912
jie,496827
nrs,506382
qis,687873
hcg,686005
fcs,684479
pms,683696
kry,135920
pcm,564884
tms,681252
pyn,0
hsv,680459
vyg,0
umg,0
cnr,327461
exn,0
osf,122615
pym,676446
wup,559651
mct,223869
beb,0
grs,671801
asz,263762
ggu,0
uyu,670165
koz,0
zro,0
tzr,0
atg,117436
cdr,503665
owk,100643
maq,0
pof,111509
cba,439171
dbc,665806
edk,0
fpe,0
rpc,664463
ftb,0
npv,663612
gox,0
vur,0
gmy,661753
hej,175443
vep,111412
spc,471171
ttn,387130
crm,659629
zve,0
gmp,658320
kms,657811
ynu,0
wym,0
emk,0
tux,132295
atd,105472
dce,335424
oxu,0
bii,0
poz,0
gmt,652886
mgo,650203
hnq,0
jme,0
cmd,648991
xol,122335
naj,0
pcp,646594
qat,0
tci,181247
vls,0
icm,218372
ocd,643806
uok,0
ufr,0
xei,454159
cfs,480981
bmw,640102
jii,197913
mfl,0
fpa,536967
bjp,638064
wyt,0
vya,121916
ydg,0
sih,125224
nrh,530097
tej,168214
jsp,634453
wwi,182633
ysq,0
yau,150645
axm,0
hko,258938
joz,219984
ffh,0
uxa,0
ptf,0
ytw,0
tiy,0
odz,369499
cdm,226491
jfk,627909
snm,184676
apg,180227
oxc,0
huo,461267
gsm,522285
ibw,0
mrp,625779
gcl,205434
aag,478949
egb,0
clr,619977
tyo,0
frc,302678
dux,406461
tce,259800
cvd,616075
rvl,0
ayk,0
ykh,615829
rgb,615133
caq,0
kiw,0
rja,145953
akp,0
npc,610717
vaz,163406
scc,609991
ijh,0
jho,0
oaa,609687
jop,0
cnu,0
ofn,0
okr,0
osd,107446
ghy,603233
sya,347948
idf,500731
wnb,0
jez,0
aav,119260
uyg,0
ppb,456273
opw,0
suu,148146
jth,403364
lcd,599631
ygy,0
mke,488476
udb,0
fsr,597330
pdi,189784
brd,596669
frs,596272
cpp,595337
lno,106116
muo,0
nyp,0
sgs,593268
dpr,119948
xad,0
eix,265104
msm,173993
zva,0
woc,106043
kgs,589032
ijn,588660
irh,0
hiq,0
tqm,587878
icb,0
nzw,0
usz,422598
gsp,291699
cpc,587173
jek,0
cls,586729
spf,586652
vyw,0
uyv,0
xoc,0
lju,0
nph,123696
heh,299497
nlv,581365
smc,581086
ylp,0
mij,0
ycu,0
pwe,0
uik,0
kfe,0
agc,263464
cbd,577798
koy,0
kjv,577361
gze,0
ipf,0
kpe,0
gii,113531
wss,165248
nhc,0
ikr,0
eok,161974
cpl,460456
gdi,181420
lwr,0
rir,149710
fme,0
cpt,566185
ajj,433496
nff,404065
cft,108164
wik,105624
wlb,0
jof,0
dlc,563552
mtv,563481
aua,224130
fek,0
syi,0
bcc,430631
efd,0
lkb,0
fgo,0
quu,0
rkg,0
peq,0
fsk,123163
lnf,0
nmp,558531
yay,113987
ecm,557635
kui,322771
okf,0
osz,440633
qia,0
tzw,0
hoz,308903
hve,0
evd,553821
vyn,553594
wmo,225512
myx,0
rmb,296599
sfs,111930
ksl,0
cuy,0
auj,130992
iaw,0
ptm,0
iyo,0
ifc,432180
hci,547771
qad,0
hwy,546981
rsz,0
crp,546710
idc,226863
dhs,331230
ecj,545447
omc,216110
afp,545211
wnd,137376
nuj,0
kmu,0
mre,433708
nzb,0
wlt,0
hva,249388
hhs,542402
gch,0
zne,0
uzn,0
oxh,0
uzy,539329
ukk,0
zug,324493
cyo,0
rcm,282918
ajn,0
rgn,0
dto,138771
psl,154483
gnr,0
udc,529444
grm,376658
udf,300064
pds,527847
hbs,250788
ckj,0
cga,152112
jpe,0
iue,405074
ghq,320997
yup,262034
myk,191535
gok,0
kuf,0
uoq,0
rcp,522006
kde,157439
chp,204768
saz,0
diq,205701
azr,0
gtu,123821
aod,279665
otf,110100
hpv,517782
wlo,0
aok,0
jhe,344937
xyr,0
iak,370903
olq,0
bfi,166658
taq,135703
hfe,175596
yoo,302454
bcg,514458
mwi,0
ypu,0
bnt,512034
nyc,511824
ivf,511614
ptt,510261
csp,509502
fcp,509184
oif,265855
geu,0
uun,119640
tyb,0
ysr,0
fms,505682
dyw,0
tgf,504366
zav,0
mbf,0
cyg,0
hbv,502925
bls,502813
nzu,0
wfi,0
afm,501342
eyg,0
liw,0
mcq,0
koa,138950
xhu,0
nmd,0
tuu,0
cnc,499074
ylm,0
kbp,0
rji,498074
mcv,170888
afc,332261
koj,0
kte,163035
rsq,0
cbt,493832
pdp,493670
psd,493236
pfc,491622
xsl,230324
snp,356091
ouw,121563
npt,489149
mln,489066
ygl,0
csm,295408
aeb,0
mds,487339
ccs,486964
pml,176110
cdi,175899
imk,0
ryz,0
jpn,484274
teq,153121
wsd,0
smr,187584
pdo,0
icz,482421
pni,125548
rzy,369682
gyz,205606
yrg,0
daq,480617
tnt,480407
zoh,0
hrd,377777
tdi,138736
guf,0
flp,478542
asf,478481
ozl,0
flg,311855
fep,317748
zez,104118
jya,476583
ajy,0
mcw,0
ejb,476255
mcs,357189
grp,474111
ikl,0
jep,0
amk,0
wpi,0
moj,0
nkw,0
cvs,471209
ccy,0
lbj,470524
prk,469986
vob,0
rsr,0
mpc,468840
nfs,468820
xar,229761
kfr,0
goz,0
ysk,0
dtl,321601
jcs,462819
ogb,0
iej,0
pfr,118615
puj,0
vch,317335
yae,0
xyp,0
xiu,104441
mbb,0
nuk,0
csr,459357
tls,459278
cbi,458544
qas,0
icj,457853
duu,0
mtr,130417
emc,343604
mnu,0
tdm,248155
nhl,455467
zca,144823
dts,210406
pct,454384
fop,343493
fyo,0
mfa,453613
wuz,453292
edv,0
ffd,453028
vnt,0
ecb,350452
emt,303077
vpo,0
tzl,0
mnd,451101
uks,293895
joo,187372
jis,165870
irq,170945
tzo,0
png,449667
zyl,449362
vth,448567
yko,331537
mtd,103281
ohd,215747
cml,320808
vba,444970
gve,0
vds,444642
ssk,0
ynm,0
ytl,0
ibd,245652
pob,196179
tlv,441435
pfl,0
cbf,440784
zyi,0
biw,0
chg,0
lpm,121656
mub,0
umw,136975
gcs,242355
msw,289920
ftm,0
vhd,214179
jaq,0
xom,285155
ufg,0
lpu,0
bvo,435794
zna,0
zuo,310687
zob,0
pdr,313581
ylt,0
pnp,433368
usr,432807
apw,0
ipk,0
uxb,0
hyi,0
tss,322569
lng,431276
lvy,277082
rzi,0
bsh,0
kyd,427676
fex,292890
afb,427126
vov,279069
adk,0
tvs,426316
fef,0
yrc,0
zij,0
pch,0
hoj,0
pmu,0
bge,0
bpl,125989
hrt,422276
lcs,421355
kco,0
blm,421217
lcl,227730
jom,0
pka,420241
gez,0
kec,0
asv,171673
ccf,418925
ocn,0
nyx,417088
iei,0
mta,299039
fna,416343
lzn,0
oaz,415801
hny,0
ecq,0
tky,414948
ttk,0
shp,128138
yki,0
wyk,122143
ozn,0
cvi,308472
alj,228393
voe,0
vhf,412815
fok,0
bep,149435
jpa,0
nbs,411583
skv,0
mdi,410496
uky,0
drg,284151
jiw,0
crf,408302
vhs,408030
mmc,407934
kue,0
mej,0
szl,0
wnu,0
rpy,284642
aht,406825
vnd,245940
tzk,0
bix,195255
kyw,0
fba,0
nkv,0
kvd,402456
kgu,0
sji,0
asj,0
dtv,283711
gyo,174200
oxl,0
lyf,0
pmm,0
wem,0
jks,0
waw,115628
yim,168309
iww,397081
bcr,225668
bmd,396957
ppt,396955
iuc,0
ucn,396601
ije,0
nkc,0
iey,0
gsg,0
nsj,0
prp,394947
gts,0
cix,102714
tdr,214382
yks,0
bzw,392936
slt,392625
kuc,0
tcd,159919
mmr,388339
shh,231714
auu,0
paf,265860
hss,387403
hrk,0
hcv,386586
trs,386386
vll,232249
nfp,0
oiv,0
glc,385629
pyh,0
axs,0
yqu,0
nyq,0
dtp,200618
pba,0
zwa,0
ngx,0
gxi,383424
wuh,0
trp,381544
faq,249444
rnk,0
uxh,0
ykn,0
okt,0
uhf,378330
gfl,0
tgi,0
ttw,0
ozc,0
zko,164998
ddm,377167
icf,225374
sdp,376646
nzh,0
kss,0
uus,375388
xae,215649
lja,0
blj,0
gcc,373004
brz,0
ocp,153119
mlr,371736
dcc,371709
csu,371664
bmp,371250
dft,371095
jli,0
ajl,0
xbr,0
agb,231292
zhd,0
hyu,0
prl,369458
cpo,150555
rnc,142388
srh,0
pll,368408
ghk,0
dtd,367989
omk,0
psm,140957
pcf,367022
kaj,106873
dhp,0
ksd,0
psf,366030
epd,0
cpd,363530
msn,363510
ukd,0
fps,363146
thv,0
ygn,0
dps,361058
yow,361005
yaj,0
fsc,359945
hmg,359185
ihl,0
vse,239361
oxs,0
iig,0
bpd,358023
mrc,357423
cyi,0
cgt,356548
zoy,0
eyk,0
ykj,0
scf,356227
trh,356071
ywc,0
vgl,355884
zfe,0
oai,0
ppd,355251
gsr,180475
ovl,0
ksu,0
imt,354230
fml,0
sfc,353347
ijm,0
wts,353258
oio,0
wbc,353140
kiy,0
cwi,0
zou,179980
bbb,352057
msl,192982
cpe,351783
uij,0
ahh,183465
cuj,0
yuh,350518
lzm,0
kkh,0
xly,349351
xps,349210
wby,348544
pmn,238788
khw,0
upj,0
pjo,0
pbl,200521
iea,345703
gfp,345235
fgr,0
tdn,0
rdk,0
liy,0
dpp,343728
amz,0
faf,0
zvi,342907
dsd,0
uox,0
hps,340995
ctv,340860
ebh,0
tjo,0
ntj,0
lgh,128512
alq,0
hls,117573
cdf,339855
pkc,338436
ysv,0
jno,337827
csd,337652
ipx,337114
fss,154544
iio,144069
cmn,0
xyc,0
bph,229359
pfo,0
ryx,335533
eeq,0
dbs,335062
vhi,127257
ryu,141513
xcv,115415
dci,231418
pns,333921
weu,333709
skb,0
iqs,333011
rfm,0
dfs,332396
kje,0
gzi,222728
hpo,0
kku,0
zsi,0
vav,114500
omd,0
skj,0
kjo,0
igc,170302
gpm,329655
ylh,0
yfe,221276
cyx,329236
cbo,227491
kwr,0
zns,217032
lyk,0
nld,326930
cve,0
feh,0
guh,0
cnt,324324
ewk,0
mls,323969
cfm,323907
fcr,323664
wmd,323612
emd,0
ozs,192567
brn,0
yja,0
pyj,0
mkh,0
hfr,0
tpn,321272
waj,0
tcm,319842
tmp,319715
mfn,319675
cck,319259
vih,111698
ebm,0
yud,0
mhs,317856
svp,317358
fdm,316976
rsg,200900
cdp,316735
xoi,0
kyp,0
mpp,196139
nkj,0
bgo,0
ugr,108562
sdf,314192
wwf,313986
rfp,313198
xrd,312333
kyn,0
zev,0
umh,0
xfa,0
cpb,311466
sbc,309551
nuz,0
bja,0
ijd,0
fdp,308497
mhd,308251
mdl,144203
pdm,158982
krt,0
cno,185077
jdb,0
izd,181100
aei,178934
fip,306950
nlm,306554
hiy,0
pcl,306303
rft,306214
tfs,305759
sbs,305240
czi,305011
wut,0
kgo,304038
nkg,0
agf,0
npd,202217
byd,0
bgp,301418
tmj,300696
hrp,300569
ugw,0
cgm,0
vaq,0
fls,142261
uvu,0
rvn,299212
opj,0
pje,299019
mrt,150554
ekg,298528
lcc,298391
wlr,298304
cfu,298054
pbx,297442
rvs,297011
psg,118635
zew,0
xun,296370
ajm,0
snd,295458
cfo,295377
dwt,295377
ihc,295189
ccm,295093
orj,0
utv,0
npn,294040
fiu,0
clv,0
bpm,293626
nyu,293472
pdc,293408
opg,0
dyb,0
ltn,0
xya,0
rcc,292209
ysw,0
zaf,0
xou,0
sct,291392
eoh,0
lzi,0
kko,182623
tcc,289908
lpg,289852
pmt,289425
ydb,0
yha,0
lck,111700
vcs,288352
eyp,0
wfp,287943
hhi,0
wld,141451
slr,287630
jiu,286361
oip,285701
apf,126890
zno,285158
uho,0
vop,0
drc,284899
uyn,182079
cwa,284471
vms,284224
hka,283727
hdt,0
lmq,0
ebk,0
bkn,0
ylb,0
iky,283052
qcd,282526
hlg,0
pva,282042
huv,281864
llv,101196
drz,0
zej,281584
hyk,0
udm,0
aau,145973
zef,280516
vga,279315
pyw,0
fpr,134392
ukl,0
fmr,0
cdt,107662
qut,0
lpw,0
esg,0
iid,276646
ctc,276620
zkr,0
mvp,276116
azh,0
igd,122746
hlt,100499
wcr,0
tps,275530
yzs,0
zst,0
ofy,275428
peh,275394
prt,275339
xeu,0
rcq,274940
pii,274849
xmo,0
exm,0
vld,0
pna,273738
hpr,0
qns,272660
fdd,0
nls,272293
ncn,0
upm,0
eua,0
boj,117718
xht,0
hdy,271283
ecf,271168
hha,0
bth,0
fhy,0
aai,269458
tyx,269420
trc,269155
eqq,269154
scp,268844
scn,268256
uzh,0
bmj,267796
cll,266962
hlm,103278
fmc,266828
drv,266678
yoz,0
toj,0
vni,0
fln,266257
fsl,0
sln,266222
vss,266038
cgs,265729
plp,265576
aah,265344
jaj,130052
dls,265171
dnp,265040
frp,264873
spx,264382
aqs,131410
xey,263999
jfe,0
hbc,263664
mfc,263615
ddc,263195
dlp,262973
gbu,108538
ttt,262831
kkn,0
ckk,0
fwh,0
whm,262022
oeg,0
vys,0
kcr,0
aee,112779
xse,0
pgs,259029
nlf,258559
zif,0
qld,257878
ltt,0
clt,257151
zts,0
qsa,132812
abp,256538
cvp,256200
smp,256199
bgl,0
bhp,255359
tfp,255233
dct,255179
cpg,255163
hsw,0
mgh,254960
zaj,0
idj,0
lrc,254160
ysd,0
uhi,0
auw,253784
fpc,253482
qol,253272
plr,252976
kiu,0
zbi,0
cfd,251971
bmc,251545
mfs,250926
hbh,0
bhb,0
yxe,0
gji,146417
ngj,0
jir,0
alx,249782
etv,126111
icq,0
wcc,248198
fap,248029
tll,248019
mhi,0
imd,247225
dsr,133954
dnb,245739
dvt,245706
dnr,245668
caz,0
wna,0
tln,244757
spm,244160
gik,243905
prd,243865
aqa,0
qab,0
woj,0
uau,0
kga,0
pdg,0
dgf,243150
fsm,242482
ufb,0
hcc,242333
xik,0
lpc,241555
voz,241514
ppc,241410
mua,109754
owg,0
lhy,0
dmz,240846
pce,240741
rhs,240699
mtb,0
tyg,0
phc,240124
rhw,0
oxw,0
xwo,0
bcp,239871
kpd,239620
gml,239141
sgm,0
poq,0
xym,0
tlu,125066
vbs,0
igv,0
whu,0
xmi,116489
ajc,121882
trw,235150
mru,123344
rtp,235067
gsk,0
dtc,234086
oee,0
swr,0
oep,0
pvd,121948
opn,0
jpl,232456
zay,0
fdn,232064
wtp,231784
bua,105396
gng,231399
byh,0
pku,230714
dhh,0
vne,126020
lmb,0
lcm,230393
uhm,0
pld,230280
hcn,229793
cva,229414
tyw,0
cdd,229041
wtu,0
ejm,228492
mtf,228420
cmm,228217
ctw,0
yai,118890
cgh,0
vud,0
mfg,225811
avp,225417
abk,0
wum,224733
brs,224719
wdm,224064
gmc,223794
dzi,0
prn,223591
ruu,0
siw,0
pnc,223296
cxi,104056
pgo,0
yaa,0
vao,223110
fdg,222982
ptp,222969
rll,222453
xue,222342
slp,222169
twy,0
yuz,221832
oyu,0
fyf,0
iug,0
yec,0
nms,220764
mmf,220702
gnl,0
daj,0
hsb,0
bmt,219537
rlv,219534
pgp,219497
kby,219485
lbm,219146
ftt,0
nrr,0
npp,217640
fpg,0
crh,217077
sdy,216929
mdu,0
eoy,0
sdh,216330
gbs,216242
tje,0
etj,0
udv,215757
goh,215429
ezb,0
zbo,0
jaa,0
ouy,0
mtc,214605
ncp,214511
sls,214336
gvh,0
prz,0
svc,214038
htp,107901
ogf,0
cfp,213621
wdh,0
ofc,213490
twp,213457
lhr,0
txt,213129
wms,213051
ddd,212927
zsa,0
izs,0
efn,0
rzk,0
mnr,212294
yoa,0
wnm,0
cgl,103481
tgl,0
psr,211486
zgi,0
vcc,211048
xyh,0
aiy,0
tmv,210895
fgf,210885
zmi,0
nuh,104448
afh,0
fmd,210126
svs,0
vst,0
qtl,209902
nlp,209893
dmf,209592
hlv,209351
elj,0
ugc,208740
yip,208559
rgv,0
ixb,0
xby,208189
mbt,0
bzh,0
obz,0
pmc,208056
dax,207852
gdu,207663
bss,207661
bpe,0
azn,0
idh,0
tft,207123
yic,0
itp,206784
ltc,206520
mlc,206425
dtt,206332
yld,0
ivs,206136
apj,206123
gcm,205830
rpg,205803
szi,0
wae,205123
mtt,204979
hcf,0
ivc,204034
mqu,0
puk,0
oox,0
fbe,0
ffb,0
sdk,202834
dcf,202802
hrc,202559
pbg,0
bgc,202352
jds,0
uaf,0
tji,0
csl,201784
njy,201711
mva,201606
nxe,0
sqr,201357
cmt,201345
itj,0
tja,0
jnd,100132
gss,200490
ixf,0
izc,0
rzs,0
ifk,0
fki,0
woy,0
doj,199754
pwm,199720
dcm,199704
tcs,199575
axc,0
lnw,0
mza,199033
fua,0
nmy,0
mvs,198436
rpf,198314
skm,0
oxg,0
xgl,0
tbt,197675
vsn,0
gpr,0
cfi,196709
aqf,196684
waq,0
vsd,196386
lcp,196064
pge,196024
mtg,195886
lmw,0
hja,0
svm,195152
scd,194848
ngq,0
gqi,0
bmr,194233
vco,193836
pff,0
ziv,0
rdj,0
gyb,0
kmi,0
viy,0
eey,0
mdc,192389
mlp,192328
dyt,0
wbs,191913
pdu,191844
gmd,191731
ahv,0
wwo,0
oww,0
cmy,0
ltb,0
srm,191357
bhc,191284
srt,191167
omh,0
tny,189894
yns,189735
knt,189544
usw,189542
sgb,0
gpc,188912
pck,188843
cmr,188440
prf,188394
pvp,187981
ksr,0
rgt,187014
clp,186958
rlc,186625
tlt,0
vma,0
gnn,0
spq,185964
klm,185878
pbc,185622
nrm,185236
hgh,185110
dht,184880
lje,0
spt,184686
oiz,0
kkk,184092
avc,184060
ehs,0
smb,183794
flr,183711
stk,0
tkn,0
rzf,0
uoh,183582
xaz,0
ecp,183039
jnr,182989
gbt,182931
lgb,0
omg,182654
pmi,182406
zdi,0
srp,181542
uoa,0
bsd,181135
emr,181131
mbm,0
mqv,0
qvi,0
ssd,180425
nrw,0
slc,180278
nku,180201
fko,0
efk,0
dwh,0
cvc,180131
abg,180112
xsa,0
zey,179659
ndz,0
obc,0
sns,179563
htd,0
dpm,179339
yoh,0
wtr,0
cpk,179225
axf,0
xfi,0
vrm,0
dlr,178893
xsw,0
ppg,178157
avm,178069
ksv,0
xra,0
hmc,177182
bnp,177171
rtd,176896
tyd,0
bfu,0
obf,0
pdt,176633
lmc,176566
nhk,176425
ltv,175832
tdc,175766
uut,175472
cfe,175009
bpp,174853
dmc,174798
euh,0
lrr,0
buj,0
ysg,0
jms,173307
khp,0
zre,0
mtx,173107
ctp,172958
sdc,172641
pkk,172635
fwe,0
efw,0
jbl,172549
vfr,172247
tdd,171977
iaj,0
tpd,171951
tzf,0
mks,171805
puh,0
lfv,0
fve,0
wct,0
hct,170263
ctd,170255
acz,170001
gka,0
izh,0
jeg,169369
bsq,0
lmg,0
cnd,168804
mmw,0
mwr,168755
crl,168717
kpc,168302
kvp,167981
uvb,166831
ihs,166809
giy,0
byb,0
ybl,0
dbh,166040
ncb,165998
osr,0
ksz,0
tlb,165499
qaz,0
jif,0
pdb,165071
rlr,165067
ofd,0
ztl,0
szk,0
fbs,164707
epz,0
npy,164601
qed,164512
thz,164433
rtv,164326
amv,0
nmu,0
iij,163785
izy,0
dnc,163212
mfy,163209
ppf,163183
pcv,163085
eay,162702
aoa,162620
swf,162246
sbp,162230
cwm,161225
kch,0
ukc,0
ulq,0
lfb,0
gsf,0
uop,0
ujj,0
jja,0
gco,159551
tko,0
tsl,0
iqh,159060
diy,158945
tbc,158909
wus,158861
mgs,158818
eoq,158646
drm,158559
tkr,0
rzu,0
jko,0
ajk,0
ypd,157703
tmd,157702
mtm,157670
tpm,157605
vhe,0
clb,157484
xaf,0
bnf,156985
fll,156680
avf,156487
pyk,0
hhh,156433
ozu,0
fyn,0
cws,155998
tsr,155745
mdp,155586
srd,155548
mvd,155226
dbp,155214
pvs,155040
oxp,0
oht,0
svd,154018
eiy,154011
fof,153822
hdp,0
fci,153760
soq,0
bds,153722
dln,153554
lrs,153484
xok,0
fpm,153472
qiu,153349
qty,153085
cuk,0
ucd,152948
xbo,0
gls,152177
bks,152144
tuh,152038
vev,0
xvm,151769
pws,151675
srl,151562
aob,0
yxo,0
jcp,151282
ibp,151132
zik,0
htb,0
nyv,0
lhc,150918
cfl,150758
ibc,150613
tbp,150487
naq,0
gnb,0
mtu,150044
xew,149920
mgd,149795
voj,0
ojv,0
jvo,0
mka,0
ksy,149254
iup,0
mtn,148876
ryy,0
iaq,0
spg,148678
tng,148614
vdt,148560
lnv,0
dmd,148463
bwo,0
ehd,0
kxp,0
rkx,0
ahp,148219
uax,148202
ivl,0
ltg,0
mvc,147930
esj,0
sja,0
dmt,147769
fuo,0
oou,0
dml,147548
prm,147378
rbf,147359
euy,0
xvn,147311
dpc,147096
vdc,147087
flc,147027
prb,146922
htv,146747
pmr,146590
tpp,146466
jps,146227
xtv,146064
vhp,145462
iip,145268
lsf,0
ecn,0
msr,144957
mlt,144930
azc,0
cnv,144774
jvm,144759
nlc,144755
gca,144644
mzi,0
zaz,0
gbm,144539
ijp,0
jph,0
mti,144140
uxm,0
ndj,143888
iwc,143743
evc,0
tpc,143459
fff,143343
img,143094
mdm,0
voa,142686
sld,142632
vsa,0
ddp,142544
pfs,142303
vps,142261
ccb,142214
tct,142141
hze,0
chz,0
bdc,142014
uog,0
srb,141824
vmi,141804
pdl,141762
oyg,0
trt,141659
mlf,141601
swd,141590
nsr,0
ttc,141275
jmp,141242
djs,141128
dpt,141090
kym,0
yml,0
bcm,140426
lgt,140421
pcd,140275
hdc,140123
hge,0
yrm,0
clk,139811
cbl,139794
wgl,0
gyu,0
izn,139599
kbs,139544
dzo,0
ppv,139511
opb,0
mld,139288
zru,0
iuk,0
hrr,138817
vvi,0
nyn,0
trd,0
rdg,0
gbl,0
cwc,138081
pzt,138008
huz,0
jts,137685
vtr,137680
vwf,137662
cbp,137578
hwn,0
pmg,137370
kpm,0
tlx,137330
swb,137279
vdd,137222
ioq,0
hax,0
uuc,0
ucp,137073
byu,137066
prg,136957
grt,136689
dsn,136625
mdb,136436
fhr,136433
gce,136427
cmb,135952
ioj,0
cgy,135814
fni,0
uoc,135689
dvb,135614
pfp,135490
mux,135364
ivp,135225
sws,135156
jke,135096
pfd,135088
plm,134948
dpg,134772
vdi,134726
axu,0
swp,134616
daa,134600
msv,134443
ysy,0
tuz,0
zja,0
tzj,0
ptw,0
cbn,133971
fpl,133860
nuy,0
uyb,0
qam,133489
snf,133352
azs,133345
lmp,133288
wrs,0
iim,132894
wbi,0
ijr,0
evv,0
vve,0
ijl,132596
wih,132542
dmk,132451
iht,132373
nnn,132339
bjt,132339
ksn,0
gwu,132306
lgw,0
tcf,132301
whs,132164
ylg,0
lgl,0
eai,132112
jji,131971
cjd,131963
hnd,131924
ivt,0
hcs,131835
vce,131647
ivb,131646
coj,131546
jca,0
nrl,131328
pvr,131312
dfg,131201
zse,0
pmp,130472
zta,0
izt,0
xip,0
hpc,130199
dhv,0
fyc,130110
wiu,130054
jty,0
ojt,0
emw,0
jyo,0
bnc,129765
nhw,0
tfc,129702
xll,129574
kax,0
fws,129416
ujr,0
qig,0
pwd,129375
lfk,0
fkn,0
dpn,129276
qan,0
kig,0
ebc,0
eaa,128420
byx,128394
glp,128376
ajf,0
cbu,0
gnd,128155
ijt,0
jti,0
bsk,128012
oyk,0
ieo,127923
kpr,0
aew,0
dhl,127623
zoc,0
crd,127555
juj,0
zky,127475
mrl,127440
pkg,127410
svt,127189
nmc,127160
mdf,127068
frd,126912
tuv,0
fmv,126851
dfd,126831
wky,126818
jrs,126805
ofw,0
ehc,0
wuc,0
noj,0
tns,126261
aae,126208
fcm,126163
srr,126101
rkc,0
ogp,0
lhs,125836
xso,0
vno,125730
hfs,125718
baq,0
ekr,0
hsd,125466
vut,125428
rrr,125325
oeq,0
bdd,125314
pgm,125286
flt,125208
lct,125196
tnm,125110
uyp,0
nwf,0
vha,0
yrw,0
cpf,124457
zub,0
awu,0
nnp,124152
pdd,124144
jue,0
stq,0
wno,123552
cwh,0
nrt,123393
ymr,0
nrp,123241
tnd,123212
amj,123052
duy,0
uyc,0
wyg,122891
iwy,0
rbn,0
drp,122851
mbc,122638
rjr,122563
acv,122534
puv,0
dcb,122431
rpp,122397
hnt,122393
oxx,122295
oxt,0
xro,0
exr,0
gyg,0
yob,0
pbi,121788
gvn,121624
pib,0
nlt,121344
bpi,121310
fbr,121249
trv,121240
oju,0
ubz,0
bzo,0
gds,121113
ckx,121054
ifp,120953
khb,0
rfg,0
cpn,120783
vbe,120648
ipj,0
pja,0
xup,0
hyv,120486
zbl,120389
ydd,0
dfp,120227
ufc,0
fch,0
etk,0
hfc,120010
sdm,120002
juc,0
lzo,0
ynh,0
srf,119723
nyg,0
bmo,0
oxm,0
fct,119600
duj,0
wta,0
slm,119524
pln,119445
lsm,0
wog,0
trf,119022
usv,0
brl,118839
woa,0
csh,0
tlr,118601
gsd,0
dcp,118565
ngv,0
gvi,0
hbl,0
vun,0
jcl,118271
mup,118246
hkl,118242
sml,118221
dty,0
lgn,118003
mcu,117974
uob,0
tmt,117750
npm,117634
wtc,117597
svr,117467
twu,0
ddb,0
ctt,117216
rcd,117072
huq,117064
nht,0
nyr,0
ebp,116891
bki,0
bqu,0
ubq,0
gtr,0
bgi,0
mdd,116575
ncm,0
vuh,116502
yoj,0
vsp,116344
izr,0
byo,0
nfc,115952
mry,115938
aql,115714
jdc,115637
wpb,115594
miw,0
jro,0
fhi,0
ofh,0
qfd,115241
nrv,115129
tpi,115048
vpi,115032
ehp,0
mgt,114756
sll,114707
jso,0
mfp,114540
jdk,114494
vlf,114338
tlp,114337
ziy,0
bsn,114275
bej,0
qus,0
ceq,114141
tld,114126
wml,114081
wia,114057
tmr,114039
udz,0
dzu,114018
kek,0
eku,0
wti,0
icg,113929
npk,113671
pqu,0
mpq,0
phb,113564
czy,0
zyk,113552
jcz,0
mmd,113549
jtp,0
uhv,113327
jci,0
ojc,0
fgm,113194
srn,0
uht,0
dbt,113096
jsc,113087
otd,0
ybc,0
oiq,0
qca,112650
bfl,0
dsv,0
zut,0
glm,112466
rcn,112412
xve,112371
gaj,0
pyu,0
rrc,112331
vdu,112265
faj,0
kdp,112182
bgb,112168
cvm,112147
zcz,0
szc,0
fds,112066
miv,0
vti,111906
gcd,111890
fsi,0
bdn,0
dnf,111791
axn,0
ctb,0
vge,0
evg,0
zto,0
ysz,0
zys,0
krz,0
ajz,0
jze,0
esz,111330
pnm,111302
vdf,111108
tbf,111046
pyc,0
mhu,0
rcb,0
xye,0
pmd,110629
uvs,110554
pij,110497
ffk,0
dny,110338
iux,0
fnr,110232
rmr,0
ezc,0
llq,0
plt,110014
prr,109945
rbh,0
xyu,0
mwd,109839
ryv,0
wyd,0
plf,109518
tyh,0
ddn,0
fza,0
afz,0
oxn,0
xna,0
eoe,0
wci,0
syo,0
jao,109195
qds,109130
xvt,0
scb,109046
xhe,109024
ilj,0
ljo,0
ufk,0
fkl,0
tmc,108851
ezf,0
zfa,0
akv,0
mrf,108719
ptb,108652
bpc,108599
gtt,108576
tvp,0
vpe,108487
ezd,0
qqa,0
aqq,0
qar,0
saq,0
zdo,0
bkh,0
euo,0
jhs,108208
csg,107931
xyy,107754
tbm,107423
dgo,0
wcs,107198
ipn,0
hcm,106975
dnl,0
nwp,106921
mlb,106822
dpu,0
woz,0
jdr,0
dvm,106645
luq,0
fvc,106499
qid,106423
cye,0
fsb,106316
hlh,0
rfb,0
fbo,0
cij,0
crb,106088
fnu,0
qtd,105827
cmf,105754
rgd,0
nmf,0
tgs,105551
gba,105519
dfc,105501
yoe,0
mft,105338
aoe,105301
duz,0
smd,105300
ppx,105131
nnw,105060
cdl,105060
zch,0
tzc,0
kcn,104976
sft,104689
hbt,104549
ipd,104528
qai,0
rzh,0
qod,104462
csv,104443
avn,0
qub,0
gmm,104183
ucb,104159
gyi,104144
frb,104020
jcc,103970
hfl,0
vry,103877
hmd,103780
tbl,103745
cyz,0
vci,103475
yav,0
kgl,103228
ncf,103148
ypy,102994
zri,0
aay,102963
ajs,0
jsh,0
ikm,0
uhu,0
mrd,102703
nws,102614
ntv,0
tsz,0
mgb,102409
vte,102354
skn,0
qti,0
bci,102169
ofg,0
lbp,102130
wpl,0
fsw,0
gfa,102012
ooq,101952
xhl,0
xxy,101630
nbt,101538
tnp,101390
edx,101324
lfm,0
bnl,101212
xiq,0
aoy,0
jpr,0
kph,101069
toq,0
yuv,0
iok,0
pbt,100818
mge,0
ihd,100630
joj,0
svg,100524
evn,0
rmv,0
yiv,100428
otv,0
rkv,0
wkn,0
amq,0
iyi,0
xxm,100133
ufs,0
auy,100095
xxl,100009
